{"stats":{"minecraft:custom":{"minecraft:time_since_rest":3647,"minecraft:open_chest":15,"minecraft:crouch_one_cm":649,"minecraft:play_time":3647,"minecraft:sprint_one_cm":12057,"minecraft:damage_taken":31,"minecraft:walk_one_cm":4917,"minecraft:sneak_time":94,"minecraft:jump":67,"minecraft:damage_dealt":4,"minecraft:leave_game":2,"minecraft:time_since_death":3647,"minecraft:total_world_time":3647,"minecraft:fly_one_cm":14136,"minecraft:interact_with_crafting_table":7,"minecraft:fall_one_cm":2430},"minecraft:used":{"minecraft:iron_chestplate":1,"minecraft:iron_helmet":1,"minecraft:iron_boots":1,"minecraft:iron_leggings":1},"minecraft:crafted":{"minecraft:iron_leggings":1,"minecraft:iron_chestplate":1,"minecraft:iron_boots":1,"minecraft:iron_helmet":1},"minecraft:picked_up":{"minecraft:iron_ingot":64}},"DataVersion":3465}