{"stats":{"minecraft:killed_by":{"grimoireofgaia:minotaurus":7,"minecraft:zombie":1,"grimoireofgaia:dwarf":3,"grimoireofgaia:cobblestone_golem":1,"grimoireofgaia:flesh_lich":1,"grimoireofgaia:mermaid":1,"grimoireofgaia:cecaelia":13,"grimoireofgaia:bone_knight":1,"minecraft:cave_spider":2,"grimoireofgaia:deathword":1,"grimoireofgaia:harpy":2,"grimoireofgaia:spriggan":1,"grimoireofgaia:banshee":4,"minecraft:player":2,"grimoireofgaia:valkyrie":1},"minecraft:custom":{"minecraft:interact_with_crafting_table":155,"minecraft:open_barrel":28,"minecraft:leave_game":22,"minecraft:time_since_death":2768,"minecraft:damage_blocked_by_shield":730,"minecraft:play_time":801439,"minecraft:deaths":42,"minecraft:jump":6982,"minecraft:enchant_item":9,"minecraft:interact_with_furnace":82,"minecraft:traded_with_villager":70,"minecraft:sleep_in_bed":19,"minecraft:waystone_activated":2,"minecraft:damage_dealt":96549,"tombstone:undead_killed":103,"minecraft:interact_with_smoker":33,"minecraft:inspect_dispenser":3,"minecraft:interact_with_smithing_table":9,"minecraft:inspect_dropper":2,"minecraft:interact_with_anvil":6,"minecraft:inspect_hopper":11,"minecraft:sneak_time":113739,"minecraft:interact_with_blast_furnace":28,"minecraft:total_world_time":801439,"tombstone:raider_killed":6,"minecraft:time_since_rest":2522,"minecraft:swim_one_cm":164715,"minecraft:fly_one_cm":1186085,"minecraft:open_chest":381,"minecraft:fall_one_cm":215095,"minecraft:sprint_one_cm":1691929,"minecraft:drop":253,"minecraft:talked_to_villager":134,"minecraft:walk_on_water_one_cm":120470,"twilightforest:uncrafting_table_interactions":3,"minecraft:crouch_one_cm":297580,"minecraft:mob_kills":313,"minecraft:damage_dealt_resisted":1025,"minecraft:climb_one_cm":12371,"minecraft:walk_one_cm":1493961,"minecraft:walk_under_water_one_cm":139213,"minecraft:boat_one_cm":508119,"minecraft:interact_with_grindstone":3,"minecraft:damage_taken":24099,"minecraft:damage_absorbed":121},"minecraft:used":{"minecraft:beetroot":1,"minecraft:dispenser":1,"minecraft:poppy":87,"minecraft:ladder":7,"grimoireofgaia:fireshard":1,"minecraft:chest":2,"minecraft:rotten_flesh":5,"easy_villagers:converter":2,"grimoireofgaia:honeydew":2,"minecraft:lava_bucket":3,"easy_villagers:iron_farm":2,"minecraft:dark_oak_button":36,"minecraft:red_stained_glass_pane":110,"minecraft:bow":6,"minecraft:dark_oak_boat":6,"minecraft:furnace":6,"minecraft:potato":35,"minecraft:powered_rail":2,"twilightforest:uncrafting_table":1,"minecraft:wooden_pickaxe":26,"minecraft:composter":9,"minecraft:clay":1,"minecraft:golden_apple":2,"minecraft:dark_oak_trapdoor":31,"minecraft:sand":14,"minecraft:blast_furnace":1,"minecraft:lectern":44,"minecraft:oak_pressure_plate":5,"minecraft:soul_lantern":1,"minecraft:diamond_sword":727,"minecraft:wooden_sword":85,"minecraft:smithing_table":3,"grimoireofgaia:cursed_metal_sword":10,"minecraft:netherrack":14,"minecraft:torch":93,"minecraft:anvil":2,"minecraft:wheat":12,"twilightforest:iron_ladder":7,"minecraft:iron_axe":616,"minecraft:jungle_log":43,"minecraft:barrel":3,"minecraft:bamboo":7,"minecraft:goat_horn":12,"tombstone:gift":4,"minecraft:cobbled_deepslate":1242,"minecraft:wheat_seeds":19,"minecraft:water_bucket":44,"minecraft:birch_planks":4,"minecraft:fletching_table":1,"minecraft:rail":80,"minecraft:crafting_table":38,"justhammers:diamond_hammer":793,"minecraft:red_bed":1,"minecraft:white_bed":8,"justhammers:iron_hammer":182,"minecraft:diamond_shovel":1589,"tombstone:tablet_of_assistance":5,"minecraft:suspicious_stew":2,"minecraft:iron_pickaxe":393,"travelersbackpack:white_sleeping_bag":8,"minecraft:cobblestone":480,"travelersbackpack:standard":5,"minecraft:cooked_porkchop":20,"minecraft:iron_shovel":815,"minecraft:shield":5,"minecraft:iron_sword":706,"grimoireofgaia:soulfire":12,"minecraft:carrot":168,"minecraft:tuff":14,"minecraft:obsidian":15,"minecraft:glass":18,"grimoireofgaia:iron_shield":14,"hmag:golden_tropical_fish":1,"minecraft:iron_helmet":1,"minecraft:birch_button":67,"minecraft:beetroot_seeds":4,"grimoireofgaia:meat":12,"grimoireofgaia:metal_dagger":98,"minecraft:dark_oak_sapling":23,"minecraft:dropper":1,"minecraft:dark_oak_sign":12,"minecraft:stone_pickaxe":75,"minecraft:oak_planks":1,"minecraft:ender_pearl":1,"minecraft:sugar_cane":6,"minecraft:white_wool":5,"minecraft:mushroom_stew":8,"minecraft:redstone_torch":2,"waystones:waystone":1,"minecraft:lever":4,"easy_villagers:villager":6,"minecraft:dark_oak_log":35,"grimoireofgaia:weapon_book_nightmare":5,"minecraft:bread":330,"grimoireofgaia:taproot":9,"tombstone:grave_key":5,"minecraft:gravel":42,"minecraft:grindstone":2,"minecraft:andesite":11,"minecraft:bone_meal":53,"minecraft:experience_bottle":2,"minecraft:oak_fence":1,"minecraft:tropical_fish":2,"minecraft:stone_shovel":199,"minecraft:dried_kelp":8,"minecraft:cooked_chicken":5,"minecraft:oak_door":3,"minecraft:dirt":678,"minecraft:hopper":5,"minecraft:iron_hoe":105,"hmag:soul_apple":2,"minecraft:wooden_axe":134,"minecraft:dark_oak_planks":2,"minecraft:bookshelf":33,"minecraft:oak_stairs":2,"minecraft:minecart":11,"minecraft:cooked_beef":47,"minecraft:cooked_mutton":10,"tombstone:scroll_of_knowledge":1,"minecraft:baked_potato":29,"minecraft:birch_boat":6,"minecraft:cobblestone_slab":24,"minecraft:smoker":2,"minecraft:dark_oak_door":2,"tombstone:bag_of_seeds":2,"minecraft:stone_slab":1,"justhammers:stone_hammer":173,"minecraft:stone_axe":404,"grimoireofgaia:golden_apple_pie_slice":1,"minecraft:cobbled_deepslate_slab":20,"minecraft:jungle_door":2,"minecraft:bucket":49,"minecraft:yellow_bed":12,"minecraft:splash_potion":1},"minecraft:crafted":{"minecraft:red_stained_glass_pane":112,"minecraft:oak_pressure_plate":4,"minecraft:birch_boat":1,"minecraft:birch_slab":30,"minecraft:diamond_shovel":1,"minecraft:lever":1,"minecraft:bookshelf":46,"minecraft:cooked_mutton":15,"minecraft:glass":96,"minecraft:diamond_helmet":1,"minecraft:diamond_leggings":1,"minecraft:emerald":19,"minecraft:cooked_porkchop":20,"travelersbackpack:standard":3,"minecraft:smithing_table":1,"minecraft:fletching_table":1,"minecraft:lectern":2,"minecraft:stone_slab":6,"minecraft:iron_pickaxe":2,"minecraft:iron_block":9,"minecraft:gold_ingot":2,"minecraft:composter":5,"twilightforest:time_planks":4,"minecraft:stone_shovel":2,"minecraft:iron_nugget":4,"minecraft:bone_meal":54,"twilightforest:iron_ladder":6,"travelersbackpack:blank_upgrade":4,"travelersbackpack:gold_tier_upgrade":2,"travelersbackpack:white_sleeping_bag":2,"minecraft:ladder":6,"minecraft:stone_pickaxe":1,"minecraft:diamond_boots":1,"minecraft:dark_oak_planks":699,"grimoireofgaia:cursed_metal_sword":1,"minecraft:wheat":423,"minecraft:dried_kelp":8,"minecraft:red_bed":1,"minecraft:dark_oak_button":36,"minecraft:enchanted_book":2,"minecraft:wooden_axe":3,"minecraft:iron_shovel":8,"minecraft:iron_leggings":2,"minecraft:white_bed":2,"minecraft:grindstone":1,"minecraft:oak_planks":224,"minecraft:cobblestone_slab":24,"minecraft:barrel":3,"minecraft:dark_oak_boat":2,"minecraft:cooked_chicken":5,"minecraft:stone":23,"minecraft:dark_oak_door":3,"minecraft:hopper":3,"minecraft:iron_boots":2,"justhammers:diamond_hammer":2,"minecraft:chest":6,"minecraft:rail":352,"minecraft:birch_button":70,"minecraft:raw_iron_block":20,"minecraft:smoker":2,"minecraft:dropper":1,"travelersbackpack:iron_tier_upgrade":2,"minecraft:crafting_table":17,"minecraft:baked_potato":31,"minecraft:wooden_pickaxe":2,"minecraft:iron_helmet":2,"minecraft:red_wool":3,"minecraft:birch_planks":120,"minecraft:dispenser":1,"minecraft:dark_oak_slab":60,"minecraft:iron_chestplate":4,"minecraft:shield":2,"minecraft:stick":632,"minecraft:iron_ingot":118,"minecraft:redstone_torch":7,"minecraft:wooden_sword":2,"minecraft:cobbled_deepslate_slab":24,"minecraft:oak_door":3,"minecraft:raw_iron":180,"minecraft:furnace":5,"minecraft:dark_oak_trapdoor":18,"minecraft:mushroom_stew":4,"minecraft:dark_oak_sign":12,"minecraft:glass_pane":112,"minecraft:iron_axe":4,"minecraft:iron_hoe":1,"minecraft:minecart":13,"minecraft:cooked_beef":47,"minecraft:red_dye":17,"minecraft:diamond_sword":1,"travelersbackpack:backpack_tank":6,"minecraft:powered_rail":6,"minecraft:activator_rail":6,"minecraft:iron_sword":3,"minecraft:bowl":8,"minecraft:bucket":2,"minecraft:stone_axe":4,"minecraft:air":0,"minecraft:bread":405,"minecraft:jungle_planks":36,"minecraft:jungle_door":3,"justhammers:iron_hammer":2,"justhammers:stone_hammer":1,"minecraft:anvil":2,"minecraft:acacia_planks":4,"minecraft:torch":16,"minecraft:lapis_block":25,"minecraft:diamond_chestplate":1},"minecraft:mined":{"minecraft:dark_oak_planks":10,"twilightforest:iron_ladder":1,"minecraft:white_bed":6,"minecraft:cherry_log":20,"minecraft:jungle_leaves":5,"minecraft:obsidian":1,"minecraft:acacia_log":15,"minecraft:jungle_log":124,"minecraft:oak_pressure_plate":2,"minecraft:hopper":2,"minecraft:red_stained_glass_pane":2,"minecraft:spawner":2,"minecraft:tall_seagrass":2,"minecraft:dark_oak_trapdoor":14,"minecraft:cobbled_deepslate":121,"minecraft:fire":59,"minecraft:barrel":4,"minecraft:dirt_path":25,"minecraft:oak_stairs":2,"minecraft:kelp_plant":8,"minecraft:smoker":1,"minecraft:powder_snow":10,"minecraft:torch":18,"minecraft:blast_furnace":1,"twilightforest:uncrafting_table":1,"minecraft:glass":13,"minecraft:sugar_cane":3,"minecraft:wheat":22,"minecraft:grass":223,"minecraft:dark_oak_sapling":4,"minecraft:birch_button":2,"minecraft:red_mushroom_block":18,"minecraft:deepslate":27,"minecraft:dark_oak_log":170,"minecraft:cobbled_deepslate_slab":4,"minecraft:spruce_fence":6,"minecraft:kelp":2,"minecraft:redstone_ore":1,"minecraft:andesite":5,"minecraft:potatoes":2,"minecraft:cobblestone_slab":4,"minecraft:vine":2,"minecraft:rail":41,"minecraft:bamboo":1,"minecraft:white_wool":5,"minecraft:smithing_table":2,"minecraft:glass_pane":10,"minecraft:dandelion":3,"minecraft:dropper":1,"minecraft:tall_grass":32,"minecraft:deepslate_gold_ore":9,"minecraft:diorite":33,"minecraft:dark_oak_wall_sign":1,"minecraft:birch_leaves":6,"minecraft:gravel":32,"minecraft:cobweb":51,"minecraft:stone_bricks":1,"minecraft:gold_ore":3,"minecraft:fern":1,"minecraft:brewing_stand":1,"minecraft:grass_block":815,"minecraft:composter":2,"minecraft:frosted_ice":2,"minecraft:iron_ore":38,"minecraft:dark_oak_stairs":1,"minecraft:pointed_dripstone":2,"minecraft:iron_bars":2,"minecraft:soul_lantern":1,"minecraft:poppy":120,"minecraft:chest":1,"minecraft:mushroom_stem":12,"minecraft:cobblestone":120,"minecraft:grindstone":1,"minecraft:oak_planks":11,"minecraft:iron_door":6,"minecraft:wall_torch":25,"minecraft:seagrass":3,"minecraft:birch_log":69,"minecraft:oak_log":4,"minecraft:beetroots":2,"easy_villagers:converter":2,"minecraft:sand":125,"minecraft:dirt":844,"minecraft:netherrack":86,"minecraft:oak_leaves":25,"minecraft:diamond_ore":2,"minecraft:tuff":1,"minecraft:deepslate_diamond_ore":2,"minecraft:lever":1,"minecraft:ladder":1,"minecraft:brown_mushroom_block":68,"travelersbackpack:white_sleeping_bag":7,"minecraft:hay_block":48,"easy_villagers:iron_farm":2,"minecraft:furnace":6,"minecraft:carrots":58,"minecraft:peony":1,"minecraft:gold_block":1,"minecraft:bookshelf":188,"minecraft:deepslate_iron_ore":11,"minecraft:stone":308,"minecraft:infested_stone_bricks":1,"travelersbackpack:standard":1,"minecraft:oak_fence":6,"minecraft:crafting_table":23,"minecraft:rose_bush":1,"minecraft:lectern":39,"minecraft:stone_slab":1,"minecraft:lapis_ore":1,"minecraft:birch_planks":11,"minecraft:yellow_bed":12,"minecraft:coal_ore":24,"minecraft:cracked_stone_bricks":1,"minecraft:mossy_stone_bricks":4},"minecraft:broken":{"minecraft:diamond_helmet":1,"minecraft:iron_boots":1,"minecraft:diamond_shovel":1,"minecraft:wooden_sword":1,"minecraft:iron_sword":3,"grimoireofgaia:zombie_staff":1,"minecraft:iron_axe":3,"minecraft:iron_pickaxe":1,"minecraft:iron_helmet":2,"minecraft:iron_shovel":4,"minecraft:stone_axe":4,"minecraft:wooden_axe":1,"minecraft:stone_shovel":1},"minecraft:killed":{"minecraft:cave_spider":14,"minecraft:skeleton":22,"grimoireofgaia:mimic":2,"minecraft:chicken":5,"minecraft:tropical_fish":3,"grimoireofgaia:flesh_lich":3,"grimoireofgaia:spriggan":1,"grimoireofgaia:banshee":8,"minecraft:salmon":1,"minecraft:iron_golem":10,"minecraft:pillager":6,"minecraft:zombie":49,"grimoireofgaia:deathword":1,"hmag:ogre":1,"minecraft:cow":26,"hmag:skeleton_girl":5,"hmag:zombie_girl":5,"grimoireofgaia:valkyrie":1,"grimoireofgaia:creep":1,"grimoireofgaia:dwarf":4,"grimoireofgaia:cyan_flower":1,"hmag:kobold":1,"minecraft:enderman":2,"minecraft:spider":11,"grimoireofgaia:sporeling":5,"grimoireofgaia:minotaurus":2,"grimoireofgaia:goblin":1,"minecraft:silverfish":2,"grimoireofgaia:mandragora":1,"minecraft:pig":8,"grimoireofgaia:bone_knight":1,"hmag:wither_ghost":1,"minecraft:creeper":2,"minecraft:sheep":31,"grimoireofgaia:harpy":11,"grimoireofgaia:dryad":7,"grimoireofgaia:satyress":3,"grimoireofgaia:succubus":2,"grimoireofgaia:centaur":2,"grimoireofgaia:ender_eye":1,"grimoireofgaia:bee":4,"minecraft:drowned":1,"grimoireofgaia:dullahan":18,"hmag:ghost":8,"grimoireofgaia:gryphon":2,"grimoireofgaia:cecaelia":6,"grimoireofgaia:arachne":2,"grimoireofgaia:matango":1,"grimoireofgaia:werecat":5},"minecraft:picked_up":{"minecraft:wooden_axe":1,"minecraft:smithing_table":2,"minecraft:stone_slab":1,"minecraft:diamond_sword":1,"minecraft:oak_stairs":2,"minecraft:birch_button":12,"minecraft:enchanted_book":3,"hmag:ancient_stone":1,"minecraft:brewing_stand":1,"minecraft:string":82,"minecraft:dark_oak_trapdoor":12,"minecraft:beetroot":1,"minecraft:diamond_leggings":1,"minecraft:cobbled_deepslate":3131,"minecraft:gold_nugget":39,"grimoireofgaia:iron_shield":1,"minecraft:spruce_planks":1,"grimoireofgaia:taproot":14,"minecraft:composter":2,"minecraft:acacia_log":15,"easy_villagers:iron_farm":2,"minecraft:cherry_log":20,"minecraft:stone_sword":2,"grimoireofgaia:stone_coal":3,"minecraft:tropical_fish":2,"minecraft:bookshelf":1,"minecraft:iron_bars":8,"minecraft:birch_log":69,"minecraft:feather":21,"minecraft:iron_door":7,"minecraft:water_bucket":1,"minecraft:jungle_log":121,"minecraft:brown_wool":2,"minecraft:dark_oak_boat":6,"minecraft:smoker":1,"minecraft:flint":2,"minecraft:dark_oak_sign":2,"minecraft:moss_block":1,"minecraft:pitcher_pod":2,"minecraft:dropper":1,"grimoireofgaia:fireshard":2,"minecraft:dark_oak_log":170,"minecraft:barrel":4,"minecraft:bundle":5,"minecraft:lever":3,"minecraft:granite":42,"twilightforest:uncrafting_table":2,"minecraft:crafting_table":23,"minecraft:iron_shovel":3,"minecraft:cracked_stone_bricks":12,"twilightforest:iron_ladder":1,"minecraft:beef":59,"minecraft:jungle_sapling":8,"minecraft:iron_nugget":75,"minecraft:poppy":228,"minecraft:minecart":14,"minecraft:birch_sapling":29,"minecraft:egg":8,"minecraft:carrot":227,"minecraft:redstone":179,"minecraft:beetroot_seeds":4,"minecraft:hay_block":86,"grimoireofgaia:cursed_metal_sword":3,"minecraft:mutton":54,"minecraft:white_wool":41,"minecraft:rail":300,"minecraft:red_mushroom":5,"minecraft:oak_log":4,"tombstone:gift":1,"minecraft:stone_bricks":72,"minecraft:apple":2,"minecraft:kelp":19,"grimoireofgaia:golden_apple_pie_slice":1,"minecraft:stone_pickaxe":1,"tombstone:bag_of_seeds":5,"grimoireofgaia:zombie_staff":1,"minecraft:dark_oak_slab":2,"minecraft:gravel":57,"justhammers:diamond_hammer":1,"minecraft:leather_helmet":1,"travelersbackpack:standard":2,"minecraft:gray_wool":4,"minecraft:hopper":2,"minecraft:ender_pearl":3,"minecraft:wheat":8,"minecraft:potion":2,"minecraft:raw_copper":40,"minecraft:iron_leggings":2,"minecraft:redstone_torch":1,"minecraft:rose_bush":1,"minecraft:cobblestone_slab":4,"minecraft:iron_boots":2,"minecraft:furnace":6,"minecraft:stick":39,"minecraft:jungle_door":1,"minecraft:oak_fence":6,"minecraft:torch":106,"hmag:diamond_fragment":3,"minecraft:porkchop":24,"minecraft:dried_kelp":1,"minecraft:pointed_dripstone":7,"tombstone:grave_dust":13,"minecraft:diorite":87,"hmag:soul_apple":1,"minecraft:rotten_flesh":109,"minecraft:obsidian":27,"minecraft:cobblestone":1517,"minecraft:pink_petals":3,"minecraft:andesite":74,"minecraft:potato":2,"minecraft:tuff":153,"minecraft:lapis_lazuli":288,"minecraft:dirt":2176,"minecraft:glass":8,"minecraft:bone":31,"minecraft:bow":2,"minecraft:wheat_seeds":68,"minecraft:raw_gold":45,"minecraft:cobbled_deepslate_slab":9,"minecraft:grindstone":1,"minecraft:mossy_stone_bricks":32,"minecraft:bamboo":15,"minecraft:oak_planks":11,"minecraft:cooked_porkchop":4,"hmag:soul_powder":13,"minecraft:oak_pressure_plate":6,"minecraft:sand":124,"hmag:kobold_leather":4,"minecraft:mossy_cobblestone":1,"grimoireofgaia:shiny_pearl":12,"travelersbackpack:white_sleeping_bag":7,"minecraft:clay":2,"minecraft:diamond":77,"minecraft:soul_lantern":1,"waystones:waystone":1,"minecraft:crossbow":1,"minecraft:bone_meal":99,"minecraft:golden_apple":2,"minecraft:emerald":15,"minecraft:oak_sapling":9,"minecraft:netherrack":624,"minecraft:cocoa_beans":9,"grimoireofgaia:soulfire":26,"minecraft:chicken":5,"minecraft:ladder":1,"minecraft:brown_mushroom":15,"minecraft:wooden_pickaxe":1,"minecraft:gold_block":2,"minecraft:shield":2,"minecraft:iron_axe":1,"grimoireofgaia:honeydew":2,"minecraft:light_gray_wool":1,"minecraft:lectern":39,"minecraft:sugar_cane":6,"minecraft:dark_oak_sapling":26,"minecraft:raw_iron":289,"grimoireofgaia:meat":12,"minecraft:stone_button":5,"minecraft:dark_oak_planks":76,"minecraft:arrow":35,"minecraft:saddle":1,"hmag:emerald_fragment":1,"minecraft:basalt":2,"minecraft:glow_ink_sac":19,"minecraft:salmon":1,"minecraft:leather":31,"minecraft:birch_planks":11,"minecraft:mushroom_stew":4,"minecraft:yellow_bed":12,"minecraft:gunpowder":3,"grimoireofgaia:weapon_book_nightmare":1,"easy_villagers:converter":2,"minecraft:iron_ingot":48,"minecraft:stripped_oak_wood":1,"minecraft:acacia_sapling":3,"minecraft:book":911,"minecraft:birch_boat":5,"minecraft:quartz":58,"minecraft:dandelion":6,"minecraft:dripstone_block":8,"twilightforest:time_log":1,"minecraft:blast_furnace":1,"minecraft:white_bed":6,"minecraft:spider_eye":10,"minecraft:pumpkin_seeds":4,"minecraft:iron_helmet":2,"minecraft:cherry_sapling":14,"tombstone:magic_scroll":1,"minecraft:black_wool":3,"minecraft:coal":471},"minecraft:dropped":{"minecraft:lapis_lazuli":13,"minecraft:oak_pressure_plate":1,"minecraft:cooked_porkchop":4,"minecraft:dark_oak_slab":4,"minecraft:cracked_stone_bricks":6,"hmag:kobold_leather":2,"minecraft:rail":248,"minecraft:leather_helmet":1,"minecraft:gold_block":1,"minecraft:dirt":677,"minecraft:jungle_sapling":6,"minecraft:gold_nugget":8,"minecraft:wooden_sword":1,"minecraft:bone_meal":51,"minecraft:iron_pickaxe":2,"minecraft:dark_oak_planks":65,"minecraft:white_wool":18,"minecraft:bone":7,"minecraft:dark_oak_door":1,"minecraft:goat_horn":1,"minecraft:iron_nugget":11,"minecraft:cobbled_deepslate":121,"minecraft:birch_sapling":17,"minecraft:wheat":4,"minecraft:obsidian":6,"minecraft:rotten_flesh":45,"justhammers:iron_hammer":1,"grimoireofgaia:cursed_metal_sword":2,"minecraft:acacia_sapling":3,"minecraft:glass":8,"minecraft:egg":6,"minecraft:enchanted_book":2,"minecraft:iron_ingot":1,"minecraft:wheat_seeds":12,"minecraft:tnt":2,"minecraft:cobblestone":159,"minecraft:oak_fence":1,"minecraft:iron_helmet":2,"minecraft:feather":1,"minecraft:book":373,"minecraft:apple":1,"minecraft:coal":131,"minecraft:golden_apple":2,"minecraft:gray_wool":2,"minecraft:wooden_axe":1,"grimoireofgaia:taproot":1,"minecraft:potion":2,"minecraft:iron_shovel":4,"minecraft:string":11,"minecraft:furnace":2,"hmag:soul_powder":4,"minecraft:stone_sword":1,"minecraft:cocoa_beans":3,"minecraft:bowl":10,"twilightforest:uncrafting_table":1,"minecraft:iron_boots":2,"hmag:soul_apple":1,"minecraft:cobbled_deepslate_slab":4,"minecraft:pumpkin_seeds":2,"minecraft:diamond_sword":1,"minecraft:hay_block":39,"minecraft:bundle":2,"easy_villagers:villager":1,"minecraft:spider_eye":1,"minecraft:stone_bricks":36,"minecraft:bow":1,"minecraft:black_wool":1,"minecraft:moss_block":1,"minecraft:baked_potato":2,"minecraft:jungle_planks":2,"travelersbackpack:standard":1,"tombstone:bag_of_seeds":3,"minecraft:gravel":2,"minecraft:cooked_mutton":5,"minecraft:carrot":79,"minecraft:poppy":62,"justhammers:stone_hammer":1,"minecraft:arrow":14,"minecraft:iron_bars":4,"minecraft:quartz":43,"minecraft:netherrack":250,"minecraft:water_bucket":1,"justhammers:diamond_hammer":2,"minecraft:minecart":1,"minecraft:bookshelf":1,"grimoireofgaia:shiny_pearl":1,"minecraft:stick":1,"minecraft:diorite":11,"minecraft:torch":11,"minecraft:brown_wool":1,"minecraft:jungle_door":2,"minecraft:iron_leggings":2,"minecraft:iron_axe":1,"minecraft:dandelion":2,"minecraft:redstone":82,"minecraft:kelp":4,"minecraft:tuff":2,"minecraft:filled_map":1,"minecraft:shield":3,"grimoireofgaia:weapon_book_nightmare":1,"minecraft:iron_chestplate":3,"minecraft:andesite":21,"minecraft:mossy_stone_bricks":16,"minecraft:oak_sapling":2,"minecraft:wooden_pickaxe":1,"minecraft:stone_pickaxe":1}},"DataVersion":3465}