{"stats":{"minecraft:dropped":{"minecraft:moss_block":1,"minecraft:lapis_lazuli":13,"minecraft:oak_pressure_plate":1,"minecraft:baked_potato":2,"minecraft:cooked_porkchop":4,"minecraft:dark_oak_slab":2,"minecraft:jungle_planks":2,"travelersbackpack:standard":1,"minecraft:leather_helmet":1,"minecraft:gold_block":1,"minecraft:dirt":655,"tombstone:bag_of_seeds":2,"minecraft:jungle_sapling":6,"minecraft:wooden_sword":1,"minecraft:gold_nugget":2,"minecraft:dark_oak_planks":65,"minecraft:white_wool":10,"minecraft:bone":4,"minecraft:gravel":2,"minecraft:dark_oak_door":1,"minecraft:goat_horn":1,"minecraft:iron_nugget":7,"minecraft:cobbled_deepslate":55,"minecraft:obsidian":6,"minecraft:wheat":4,"minecraft:birch_sapling":17,"minecraft:rotten_flesh":9,"minecraft:cooked_mutton":5,"minecraft:carrot":57,"minecraft:poppy":4,"justhammers:stone_hammer":1,"minecraft:acacia_sapling":3,"minecraft:arrow":1,"minecraft:glass":8,"minecraft:quartz":28,"minecraft:netherrack":250,"minecraft:egg":5,"minecraft:enchanted_book":1,"minecraft:iron_ingot":1,"minecraft:wheat_seeds":4,"minecraft:tnt":2,"minecraft:minecart":1,"minecraft:bookshelf":1,"minecraft:iron_helmet":1,"minecraft:cobblestone":95,"grimoireofgaia:shiny_pearl":1,"minecraft:stick":1,"minecraft:diorite":6,"minecraft:torch":11,"minecraft:wooden_axe":1,"grimoireofgaia:taproot":1,"minecraft:jungle_door":2,"minecraft:iron_leggings":1,"minecraft:iron_axe":1,"minecraft:iron_shovel":4,"minecraft:furnace":1,"minecraft:kelp":4,"minecraft:cocoa_beans":3,"minecraft:bowl":10,"minecraft:tuff":2,"minecraft:iron_boots":2,"minecraft:cobbled_deepslate_slab":4,"minecraft:pumpkin_seeds":2,"minecraft:filled_map":1,"minecraft:shield":3,"minecraft:iron_chestplate":2,"minecraft:stone_pickaxe":1,"minecraft:wooden_pickaxe":1},"minecraft:used":{"minecraft:beetroot":1,"minecraft:iron_shovel":671,"minecraft:dispenser":1,"minecraft:ladder":7,"minecraft:poppy":79,"grimoireofgaia:fireshard":1,"minecraft:shield":5,"minecraft:chest":2,"minecraft:iron_sword":706,"grimoireofgaia:soulfire":12,"minecraft:rotten_flesh":5,"minecraft:carrot":155,"minecraft:tuff":14,"minecraft:obsidian":15,"minecraft:glass":18,"minecraft:lava_bucket":3,"grimoireofgaia:iron_shield":4,"grimoireofgaia:honeydew":2,"minecraft:iron_helmet":1,"minecraft:dark_oak_button":36,"minecraft:birch_button":57,"minecraft:red_stained_glass_pane":110,"minecraft:bow":6,"minecraft:dark_oak_boat":6,"minecraft:furnace":6,"minecraft:beetroot_seeds":4,"grimoireofgaia:meat":10,"grimoireofgaia:metal_dagger":98,"minecraft:potato":35,"minecraft:dark_oak_sapling":23,"minecraft:oak_planks":1,"minecraft:stone_pickaxe":75,"minecraft:dropper":1,"minecraft:powered_rail":2,"minecraft:dark_oak_sign":12,"minecraft:clay":1,"minecraft:sugar_cane":6,"minecraft:wooden_pickaxe":26,"minecraft:composter":9,"minecraft:white_wool":2,"minecraft:dark_oak_trapdoor":28,"minecraft:sand":14,"minecraft:mushroom_stew":8,"minecraft:blast_furnace":1,"minecraft:redstone_torch":2,"minecraft:lever":4,"minecraft:dark_oak_log":35,"minecraft:bread":292,"minecraft:lectern":29,"tombstone:grave_key":3,"grimoireofgaia:taproot":5,"minecraft:gravel":42,"minecraft:diamond_sword":275,"minecraft:wooden_sword":85,"minecraft:smithing_table":3,"grimoireofgaia:cursed_metal_sword":10,"minecraft:bone_meal":53,"minecraft:experience_bottle":2,"minecraft:oak_fence":1,"minecraft:tropical_fish":2,"minecraft:dried_kelp":8,"minecraft:stone_shovel":185,"minecraft:cooked_chicken":5,"minecraft:netherrack":14,"minecraft:torch":77,"minecraft:dirt":656,"minecraft:anvil":1,"minecraft:wheat":12,"minecraft:hopper":4,"minecraft:iron_hoe":105,"hmag:soul_apple":1,"minecraft:dark_oak_planks":2,"minecraft:wooden_axe":134,"minecraft:iron_axe":381,"minecraft:oak_stairs":2,"minecraft:jungle_log":43,"minecraft:barrel":3,"minecraft:bamboo":7,"minecraft:goat_horn":12,"tombstone:gift":4,"minecraft:minecart":11,"minecraft:cooked_beef":45,"minecraft:cobbled_deepslate":1231,"minecraft:wheat_seeds":19,"minecraft:cooked_mutton":10,"minecraft:water_bucket":44,"minecraft:birch_planks":3,"minecraft:baked_potato":29,"minecraft:birch_boat":2,"minecraft:fletching_table":1,"minecraft:cobblestone_slab":24,"minecraft:rail":80,"justhammers:diamond_hammer":669,"minecraft:crafting_table":36,"minecraft:red_bed":1,"minecraft:white_bed":7,"justhammers:iron_hammer":182,"minecraft:dark_oak_door":2,"minecraft:smoker":2,"tombstone:bag_of_seeds":2,"minecraft:diamond_shovel":1589,"tombstone:tablet_of_assistance":5,"minecraft:iron_pickaxe":383,"minecraft:suspicious_stew":2,"travelersbackpack:white_sleeping_bag":8,"justhammers:stone_hammer":173,"minecraft:stone_axe":404,"minecraft:cobblestone":398,"minecraft:cobbled_deepslate_slab":18,"travelersbackpack:standard":5,"minecraft:cooked_porkchop":20,"minecraft:jungle_door":2,"minecraft:bucket":49,"minecraft:yellow_bed":12},"minecraft:mined":{"minecraft:dark_oak_planks":5,"minecraft:white_bed":6,"minecraft:cherry_log":20,"minecraft:jungle_leaves":5,"minecraft:brewing_stand":1,"minecraft:obsidian":1,"minecraft:acacia_log":15,"minecraft:grass_block":804,"minecraft:jungle_log":124,"minecraft:oak_pressure_plate":1,"minecraft:frosted_ice":2,"minecraft:composter":2,"minecraft:hopper":1,"minecraft:red_stained_glass_pane":2,"minecraft:spawner":2,"minecraft:tall_seagrass":2,"minecraft:dark_oak_trapdoor":11,"minecraft:iron_ore":36,"minecraft:barrel":4,"minecraft:fire":40,"minecraft:cobbled_deepslate":108,"minecraft:dark_oak_stairs":1,"minecraft:pointed_dripstone":2,"minecraft:dirt_path":25,"minecraft:oak_stairs":2,"minecraft:kelp_plant":8,"minecraft:smoker":1,"minecraft:powder_snow":10,"minecraft:torch":14,"minecraft:blast_furnace":1,"minecraft:poppy":119,"minecraft:chest":1,"minecraft:mushroom_stem":12,"minecraft:glass":13,"minecraft:cobblestone":109,"minecraft:oak_planks":1,"minecraft:sugar_cane":3,"minecraft:wall_torch":24,"minecraft:seagrass":3,"minecraft:birch_log":69,"minecraft:wheat":22,"minecraft:grass":197,"minecraft:oak_log":4,"minecraft:beetroots":2,"minecraft:birch_button":2,"minecraft:dark_oak_sapling":4,"minecraft:sand":125,"minecraft:dirt":837,"minecraft:red_mushroom_block":18,"minecraft:netherrack":86,"minecraft:oak_leaves":13,"minecraft:deepslate":27,"minecraft:diamond_ore":2,"minecraft:tuff":1,"minecraft:deepslate_diamond_ore":2,"minecraft:dark_oak_log":170,"minecraft:cobbled_deepslate_slab":4,"minecraft:lever":1,"minecraft:ladder":1,"minecraft:spruce_fence":6,"minecraft:brown_mushroom_block":68,"travelersbackpack:white_sleeping_bag":7,"minecraft:kelp":2,"minecraft:hay_block":8,"minecraft:redstone_ore":1,"minecraft:furnace":6,"minecraft:carrots":58,"minecraft:andesite":4,"minecraft:peony":1,"minecraft:gold_block":1,"minecraft:potatoes":2,"minecraft:cobblestone_slab":4,"minecraft:deepslate_iron_ore":11,"minecraft:vine":2,"minecraft:rail":41,"minecraft:bamboo":1,"minecraft:stone":300,"minecraft:white_wool":2,"minecraft:smithing_table":2,"minecraft:glass_pane":10,"minecraft:dandelion":3,"travelersbackpack:standard":1,"minecraft:oak_fence":4,"minecraft:crafting_table":20,"minecraft:dropper":1,"minecraft:rose_bush":1,"minecraft:lectern":27,"minecraft:tall_grass":27,"minecraft:lapis_ore":1,"minecraft:deepslate_gold_ore":9,"minecraft:diorite":32,"minecraft:birch_planks":3,"minecraft:dark_oak_wall_sign":1,"minecraft:birch_leaves":6,"minecraft:yellow_bed":12,"minecraft:coal_ore":19,"minecraft:gravel":32,"minecraft:cobweb":45,"minecraft:gold_ore":3,"minecraft:fern":1},"minecraft:killed_by":{"grimoireofgaia:mermaid":1,"grimoireofgaia:cecaelia":13,"grimoireofgaia:bone_knight":1,"minecraft:cave_spider":2,"grimoireofgaia:minotaurus":3,"grimoireofgaia:harpy":2,"grimoireofgaia:spriggan":1,"minecraft:zombie":1,"grimoireofgaia:banshee":2,"grimoireofgaia:dwarf":2,"grimoireofgaia:cobblestone_golem":1,"minecraft:player":2,"grimoireofgaia:flesh_lich":1,"grimoireofgaia:valkyrie":1},"minecraft:killed":{"minecraft:cave_spider":14,"minecraft:spider":10,"grimoireofgaia:sporeling":5,"grimoireofgaia:minotaurus":1,"grimoireofgaia:goblin":1,"minecraft:skeleton":20,"grimoireofgaia:mimic":1,"minecraft:chicken":5,"minecraft:tropical_fish":3,"grimoireofgaia:mandragora":1,"grimoireofgaia:flesh_lich":3,"grimoireofgaia:spriggan":1,"minecraft:pig":7,"grimoireofgaia:banshee":4,"grimoireofgaia:bone_knight":1,"minecraft:salmon":1,"minecraft:iron_golem":7,"hmag:wither_ghost":1,"minecraft:creeper":2,"minecraft:sheep":23,"minecraft:pillager":6,"minecraft:zombie":35,"grimoireofgaia:harpy":6,"hmag:ogre":1,"grimoireofgaia:dryad":2,"minecraft:cow":17,"grimoireofgaia:satyress":2,"grimoireofgaia:succubus":2,"hmag:skeleton_girl":3,"grimoireofgaia:bee":4,"hmag:zombie_girl":4,"grimoireofgaia:valkyrie":1,"grimoireofgaia:creep":1,"minecraft:drowned":1,"grimoireofgaia:dwarf":3,"grimoireofgaia:dullahan":14,"hmag:ghost":7,"grimoireofgaia:cyan_flower":1,"grimoireofgaia:gryphon":1,"grimoireofgaia:cecaelia":6,"hmag:kobold":1,"grimoireofgaia:matango":1,"grimoireofgaia:arachne":2,"grimoireofgaia:werecat":4,"minecraft:enderman":2},"minecraft:broken":{"minecraft:iron_shovel":3,"minecraft:iron_boots":1,"minecraft:diamond_shovel":1,"minecraft:wooden_sword":1,"minecraft:stone_axe":4,"minecraft:iron_sword":3,"minecraft:wooden_axe":1,"minecraft:stone_shovel":1,"grimoireofgaia:zombie_staff":1,"minecraft:iron_axe":2,"minecraft:iron_pickaxe":1,"minecraft:iron_helmet":2},"minecraft:crafted":{"minecraft:red_stained_glass_pane":112,"minecraft:oak_planks":16,"minecraft:cobblestone_slab":24,"minecraft:barrel":3,"minecraft:dark_oak_boat":2,"minecraft:cooked_chicken":5,"minecraft:birch_slab":30,"minecraft:stone":20,"minecraft:lever":1,"minecraft:diamond_shovel":1,"minecraft:bookshelf":2,"minecraft:cooked_mutton":15,"minecraft:dark_oak_door":3,"minecraft:glass":96,"minecraft:hopper":3,"minecraft:diamond_helmet":1,"minecraft:diamond_leggings":1,"minecraft:iron_boots":2,"justhammers:diamond_hammer":1,"minecraft:chest":6,"minecraft:rail":352,"minecraft:birch_button":69,"minecraft:raw_iron_block":20,"minecraft:smoker":2,"minecraft:dropper":1,"travelersbackpack:iron_tier_upgrade":2,"minecraft:emerald":19,"minecraft:cooked_porkchop":20,"minecraft:crafting_table":16,"minecraft:baked_potato":31,"travelersbackpack:standard":3,"minecraft:wooden_pickaxe":2,"minecraft:iron_helmet":2,"minecraft:smithing_table":1,"minecraft:red_wool":3,"minecraft:fletching_table":1,"minecraft:birch_planks":120,"minecraft:dispenser":1,"minecraft:lectern":2,"minecraft:dark_oak_slab":60,"minecraft:iron_chestplate":4,"minecraft:shield":2,"minecraft:stick":628,"minecraft:iron_ingot":87,"minecraft:iron_pickaxe":2,"minecraft:iron_block":6,"minecraft:gold_ingot":2,"minecraft:redstone_torch":7,"minecraft:composter":5,"minecraft:wooden_sword":2,"twilightforest:time_planks":4,"minecraft:cobbled_deepslate_slab":24,"minecraft:raw_iron":180,"minecraft:stone_shovel":2,"minecraft:iron_nugget":4,"minecraft:furnace":5,"minecraft:dark_oak_trapdoor":18,"minecraft:mushroom_stew":4,"minecraft:dark_oak_sign":12,"minecraft:bone_meal":54,"travelersbackpack:blank_upgrade":4,"travelersbackpack:gold_tier_upgrade":2,"minecraft:glass_pane":112,"travelersbackpack:white_sleeping_bag":2,"minecraft:iron_axe":3,"minecraft:ladder":6,"minecraft:iron_hoe":1,"minecraft:stone_pickaxe":1,"minecraft:diamond_boots":1,"minecraft:dark_oak_planks":539,"grimoireofgaia:cursed_metal_sword":1,"minecraft:minecart":13,"minecraft:wheat":72,"minecraft:cooked_beef":45,"minecraft:red_dye":17,"minecraft:diamond_sword":1,"travelersbackpack:backpack_tank":6,"minecraft:dried_kelp":8,"minecraft:powered_rail":6,"minecraft:activator_rail":6,"minecraft:iron_sword":3,"minecraft:bowl":8,"minecraft:red_bed":1,"minecraft:bucket":2,"minecraft:dark_oak_button":36,"minecraft:stone_axe":4,"minecraft:bread":288,"minecraft:air":0,"minecraft:jungle_planks":36,"minecraft:jungle_door":3,"justhammers:iron_hammer":2,"justhammers:stone_hammer":1,"minecraft:wooden_axe":3,"minecraft:iron_shovel":8,"minecraft:iron_leggings":2,"minecraft:anvil":1,"minecraft:acacia_planks":4,"minecraft:torch":16,"minecraft:lapis_block":25,"minecraft:diamond_chestplate":1},"minecraft:picked_up":{"minecraft:wooden_axe":1,"minecraft:wheat":8,"minecraft:smithing_table":2,"minecraft:oak_stairs":2,"minecraft:enchanted_book":2,"minecraft:birch_button":3,"minecraft:brewing_stand":1,"minecraft:string":69,"minecraft:dark_oak_trapdoor":9,"minecraft:raw_copper":34,"minecraft:iron_leggings":1,"minecraft:beetroot":1,"minecraft:gold_nugget":26,"minecraft:cobbled_deepslate":3053,"grimoireofgaia:iron_shield":1,"minecraft:spruce_planks":1,"minecraft:rose_bush":1,"minecraft:redstone_torch":1,"minecraft:cobblestone_slab":4,"minecraft:iron_boots":2,"minecraft:furnace":5,"grimoireofgaia:taproot":6,"minecraft:stick":39,"minecraft:jungle_door":1,"minecraft:composter":2,"minecraft:oak_fence":4,"minecraft:torch":96,"minecraft:acacia_log":15,"hmag:diamond_fragment":3,"minecraft:porkchop":21,"minecraft:dried_kelp":1,"minecraft:cherry_log":20,"minecraft:pointed_dripstone":7,"tombstone:grave_dust":8,"minecraft:diorite":77,"hmag:soul_apple":1,"minecraft:rotten_flesh":53,"grimoireofgaia:stone_coal":3,"minecraft:tropical_fish":2,"minecraft:bookshelf":1,"minecraft:obsidian":27,"minecraft:cobblestone":1257,"minecraft:birch_log":69,"minecraft:pink_petals":3,"minecraft:feather":11,"minecraft:jungle_log":121,"minecraft:andesite":21,"minecraft:dark_oak_boat":6,"minecraft:smoker":1,"minecraft:potato":2,"minecraft:flint":2,"minecraft:tuff":153,"minecraft:lapis_lazuli":288,"minecraft:dirt":2138,"minecraft:glass":8,"minecraft:bone":26,"minecraft:bow":1,"minecraft:wheat_seeds":60,"minecraft:cobbled_deepslate_slab":7,"minecraft:raw_gold":45,"minecraft:dark_oak_sign":2,"minecraft:bamboo":15,"minecraft:moss_block":1,"minecraft:pitcher_pod":2,"minecraft:oak_planks":1,"minecraft:cooked_porkchop":4,"hmag:soul_powder":7,"minecraft:oak_pressure_plate":5,"minecraft:dropper":1,"minecraft:sand":124,"minecraft:mossy_cobblestone":1,"hmag:kobold_leather":2,"minecraft:dark_oak_log":170,"grimoireofgaia:fireshard":2,"minecraft:barrel":4,"grimoireofgaia:shiny_pearl":12,"travelersbackpack:white_sleeping_bag":7,"minecraft:bundle":3,"minecraft:clay":2,"minecraft:diamond":77,"minecraft:lever":3,"minecraft:crossbow":1,"minecraft:granite":17,"minecraft:bone_meal":48,"minecraft:emerald":15,"minecraft:oak_sapling":6,"minecraft:netherrack":624,"minecraft:cocoa_beans":9,"minecraft:crafting_table":20,"grimoireofgaia:soulfire":14,"minecraft:chicken":5,"minecraft:ladder":1,"minecraft:brown_mushroom":15,"minecraft:wooden_pickaxe":1,"minecraft:gold_block":2,"minecraft:shield":2,"minecraft:iron_axe":1,"minecraft:iron_shovel":2,"grimoireofgaia:honeydew":2,"minecraft:beef":34,"minecraft:jungle_sapling":8,"minecraft:iron_nugget":52,"minecraft:poppy":169,"minecraft:light_gray_wool":1,"minecraft:minecart":14,"minecraft:lectern":27,"minecraft:sugar_cane":6,"minecraft:birch_sapling":29,"minecraft:egg":7,"minecraft:dark_oak_sapling":26,"minecraft:raw_iron":261,"grimoireofgaia:meat":10,"minecraft:carrot":205,"minecraft:redstone":97,"minecraft:dark_oak_planks":71,"minecraft:arrow":20,"minecraft:beetroot_seeds":4,"minecraft:hay_block":8,"grimoireofgaia:cursed_metal_sword":1,"minecraft:saddle":1,"minecraft:mutton":38,"minecraft:rail":52,"minecraft:white_wool":23,"hmag:emerald_fragment":1,"minecraft:basalt":2,"minecraft:glow_ink_sac":19,"minecraft:salmon":1,"minecraft:leather":17,"minecraft:red_mushroom":5,"minecraft:birch_planks":3,"minecraft:mushroom_stew":4,"minecraft:oak_log":4,"minecraft:yellow_bed":12,"minecraft:gunpowder":3,"tombstone:gift":1,"minecraft:apple":1,"minecraft:kelp":19,"grimoireofgaia:golden_apple_pie_slice":1,"minecraft:iron_ingot":33,"minecraft:stone_pickaxe":1,"tombstone:bag_of_seeds":4,"minecraft:stripped_oak_wood":1,"minecraft:acacia_sapling":3,"grimoireofgaia:zombie_staff":1,"minecraft:birch_boat":2,"minecraft:quartz":43,"minecraft:dandelion":4,"minecraft:dripstone_block":8,"minecraft:gravel":57,"twilightforest:time_log":1,"minecraft:blast_furnace":1,"minecraft:white_bed":6,"minecraft:spider_eye":9,"minecraft:leather_helmet":1,"travelersbackpack:standard":2,"minecraft:pumpkin_seeds":4,"minecraft:iron_helmet":1,"minecraft:cherry_sapling":14,"tombstone:magic_scroll":1,"minecraft:black_wool":1,"minecraft:coal":248,"minecraft:hopper":1,"minecraft:ender_pearl":2},"minecraft:custom":{"minecraft:interact_with_crafting_table":140,"minecraft:open_barrel":23,"minecraft:leave_game":14,"minecraft:time_since_death":26161,"minecraft:sprint_one_cm":1393464,"minecraft:damage_blocked_by_shield":310,"minecraft:drop":159,"minecraft:talked_to_villager":92,"minecraft:play_time":606826,"minecraft:deaths":34,"minecraft:jump":5790,"minecraft:walk_on_water_one_cm":116961,"minecraft:enchant_item":5,"minecraft:interact_with_furnace":79,"minecraft:traded_with_villager":68,"minecraft:sleep_in_bed":17,"minecraft:damage_dealt":72858,"minecraft:crouch_one_cm":255129,"tombstone:undead_killed":79,"minecraft:interact_with_smoker":22,"minecraft:inspect_dispenser":3,"minecraft:interact_with_smithing_table":8,"minecraft:inspect_dropper":2,"minecraft:interact_with_anvil":4,"minecraft:mob_kills":241,"minecraft:inspect_hopper":8,"minecraft:damage_dealt_resisted":1025,"minecraft:climb_one_cm":9854,"minecraft:walk_one_cm":1200384,"minecraft:sneak_time":96403,"minecraft:walk_under_water_one_cm":137401,"minecraft:boat_one_cm":502674,"minecraft:interact_with_blast_furnace":20,"minecraft:total_world_time":606826,"tombstone:raider_killed":6,"minecraft:time_since_rest":26124,"minecraft:damage_taken":19167,"minecraft:swim_one_cm":164451,"minecraft:fly_one_cm":905494,"minecraft:open_chest":310,"minecraft:fall_one_cm":175319}},"DataVersion":3465}