{"stats":{"minecraft:custom":{"minecraft:interact_with_crafting_table":162,"minecraft:open_barrel":42,"minecraft:leave_game":23,"minecraft:time_since_death":39609,"minecraft:damage_blocked_by_shield":805,"minecraft:play_time":957101,"minecraft:deaths":46,"minecraft:jump":7657,"minecraft:enchant_item":9,"minecraft:interact_with_furnace":97,"minecraft:traded_with_villager":160,"minecraft:sleep_in_bed":20,"minecraft:waystone_activated":2,"minecraft:damage_dealt":119778,"tombstone:undead_killed":212,"minecraft:interact_with_smoker":37,"minecraft:inspect_dispenser":3,"minecraft:interact_with_smithing_table":12,"minecraft:inspect_dropper":2,"minecraft:interact_with_anvil":6,"minecraft:inspect_hopper":34,"minecraft:sneak_time":131928,"minecraft:interact_with_blast_furnace":29,"minecraft:total_world_time":957101,"tombstone:raider_killed":6,"minecraft:time_since_rest":39375,"minecraft:swim_one_cm":167741,"minecraft:fly_one_cm":1354493,"minecraft:open_chest":533,"minecraft:fall_one_cm":228637,"minecraft:sprint_one_cm":1879614,"minecraft:drop":373,"minecraft:talked_to_villager":172,"minecraft:interact_with_brewingstand":12,"minecraft:walk_on_water_one_cm":175611,"twilightforest:uncrafting_table_interactions":10,"minecraft:crouch_one_cm":353442,"tombstone:villager_killed":2,"minecraft:mob_kills":488,"minecraft:damage_dealt_resisted":1025,"minecraft:climb_one_cm":13107,"minecraft:walk_one_cm":1758989,"minecraft:walk_under_water_one_cm":144258,"minecraft:boat_one_cm":508119,"minecraft:interact_with_grindstone":3,"minecraft:damage_taken":27058,"minecraft:damage_absorbed":121},"minecraft:killed":{"minecraft:cave_spider":14,"the_bumblezone:honey_slime":5,"minecraft:skeleton":73,"grimoireofgaia:mimic":2,"minecraft:chicken":5,"hmag:catoblepas":1,"minecraft:tropical_fish":3,"grimoireofgaia:flesh_lich":3,"grimoireofgaia:spriggan":1,"grimoireofgaia:banshee":9,"minecraft:salmon":1,"minecraft:iron_golem":11,"minecraft:pillager":6,"minecraft:zombie":102,"grimoireofgaia:deathword":1,"hmag:ogre":1,"minecraft:cow":26,"hmag:skeleton_girl":7,"hmag:zombie_girl":6,"grimoireofgaia:valkyrie":1,"grimoireofgaia:creep":1,"grimoireofgaia:dwarf":4,"grimoireofgaia:cyan_flower":1,"hmag:kobold":1,"minecraft:enderman":4,"minecraft:spider":11,"grimoireofgaia:sporeling":5,"grimoireofgaia:minotaurus":2,"grimoireofgaia:goblin":1,"minecraft:silverfish":2,"grimoireofgaia:mandragora":1,"minecraft:pig":8,"grimoireofgaia:bone_knight":1,"hmag:wither_ghost":1,"minecraft:creeper":2,"minecraft:sheep":31,"grimoireofgaia:harpy":11,"grimoireofgaia:dryad":7,"minecraft:blaze":50,"grimoireofgaia:satyress":3,"grimoireofgaia:succubus":2,"grimoireofgaia:centaur":2,"grimoireofgaia:ender_eye":1,"grimoireofgaia:bee":5,"minecraft:drowned":1,"grimoireofgaia:dullahan":20,"hmag:ghost":8,"grimoireofgaia:gryphon":2,"grimoireofgaia:cecaelia":6,"grimoireofgaia:arachne":2,"grimoireofgaia:matango":1,"grimoireofgaia:werecat":5,"minecraft:wither_skeleton":1,"minecraft:villager":2},"minecraft:killed_by":{"grimoireofgaia:minotaurus":7,"minecraft:zombie":1,"grimoireofgaia:dwarf":3,"grimoireofgaia:cobblestone_golem":1,"grimoireofgaia:flesh_lich":1,"grimoireofgaia:mermaid":1,"grimoireofgaia:cecaelia":13,"grimoireofgaia:bone_knight":1,"minecraft:cave_spider":2,"grimoireofgaia:deathword":1,"grimoireofgaia:harpy":2,"minecraft:blaze":1,"grimoireofgaia:spriggan":1,"grimoireofgaia:banshee":5,"minecraft:player":2,"grimoireofgaia:valkyrie":1,"minecraft:skeleton":2},"minecraft:broken":{"minecraft:diamond_helmet":1,"minecraft:iron_boots":1,"minecraft:diamond_shovel":1,"minecraft:wooden_sword":1,"minecraft:iron_sword":3,"grimoireofgaia:zombie_staff":1,"minecraft:iron_axe":3,"minecraft:iron_pickaxe":1,"minecraft:iron_helmet":2,"minecraft:iron_shovel":4,"minecraft:stone_axe":4,"minecraft:wooden_axe":1,"minecraft:stone_shovel":1},"minecraft:dropped":{"twilightforest:magic_beans":1,"minecraft:lapis_lazuli":13,"minecraft:oak_pressure_plate":1,"minecraft:glass_bottle":1,"minecraft:diamond":1,"minecraft:cooked_porkchop":4,"minecraft:dark_oak_slab":4,"minecraft:cracked_stone_bricks":6,"hmag:kobold_leather":2,"minecraft:rail":248,"minecraft:leather_helmet":1,"minecraft:gold_block":1,"minecraft:dirt":695,"minecraft:jungle_sapling":6,"minecraft:gold_nugget":8,"minecraft:wooden_sword":1,"minecraft:bone_meal":51,"minecraft:sand":2,"minecraft:iron_pickaxe":2,"minecraft:dark_oak_planks":65,"minecraft:white_wool":18,"minecraft:bone":14,"minecraft:dark_oak_door":1,"minecraft:goat_horn":1,"minecraft:iron_nugget":12,"minecraft:golden_chestplate":5,"minecraft:cobbled_deepslate":121,"minecraft:birch_sapling":17,"minecraft:wheat":4,"minecraft:obsidian":6,"minecraft:rotten_flesh":56,"justhammers:iron_hammer":1,"grimoireofgaia:cursed_metal_sword":2,"minecraft:acacia_sapling":3,"minecraft:glass":8,"grimoireofgaia:meat":1,"minecraft:egg":6,"minecraft:enchanted_book":2,"minecraft:iron_ingot":593,"minecraft:wheat_seeds":12,"minecraft:tnt":2,"minecraft:cobblestone":384,"minecraft:oak_fence":1,"minecraft:iron_helmet":2,"minecraft:feather":1,"minecraft:book":373,"minecraft:apple":1,"minecraft:coal":179,"minecraft:golden_apple":2,"minecraft:gray_wool":2,"minecraft:wooden_axe":1,"grimoireofgaia:taproot":1,"minecraft:potion":22,"minecraft:chainmail_leggings":12,"minecraft:iron_shovel":6,"minecraft:string":11,"minecraft:furnace":2,"hmag:soul_powder":4,"minecraft:stone_sword":2,"minecraft:cocoa_beans":4,"minecraft:bowl":12,"twilightforest:uncrafting_table":1,"minecraft:iron_boots":2,"hmag:soul_apple":1,"minecraft:cobbled_deepslate_slab":4,"minecraft:torchflower_seeds":1,"minecraft:pumpkin_seeds":2,"minecraft:diamond_sword":1,"minecraft:potato":1,"minecraft:hay_block":39,"minecraft:bundle":2,"minecraft:spider_eye":1,"easy_villagers:villager":2,"minecraft:stone_bricks":36,"minecraft:bow":9,"minecraft:black_wool":1,"minecraft:nether_brick_stairs":6,"minecraft:moss_block":1,"minecraft:baked_potato":2,"minecraft:honeycomb":1,"minecraft:jungle_planks":2,"travelersbackpack:standard":1,"tombstone:bag_of_seeds":4,"minecraft:gold_ingot":4,"minecraft:gravel":2,"hmag:fire_bottle":3,"minecraft:cooked_mutton":5,"minecraft:carrot":79,"minecraft:poppy":111,"justhammers:stone_hammer":1,"minecraft:gunpowder":2,"minecraft:arrow":32,"minecraft:iron_bars":4,"minecraft:quartz":87,"minecraft:splash_potion":1,"minecraft:netherrack":303,"minecraft:oak_slab":14,"minecraft:water_bucket":1,"justhammers:diamond_hammer":2,"minecraft:minecart":1,"minecraft:bookshelf":1,"grimoireofgaia:shiny_pearl":1,"minecraft:stick":1,"minecraft:diorite":11,"minecraft:torch":11,"minecraft:brown_wool":1,"minecraft:jungle_door":2,"tombstone:grave_dust":5,"minecraft:iron_leggings":2,"minecraft:iron_axe":1,"minecraft:bucket":1,"minecraft:dandelion":2,"minecraft:redstone":82,"minecraft:kelp":4,"minecraft:blaze_rod":2,"minecraft:tuff":2,"minecraft:filled_map":1,"minecraft:shield":3,"grimoireofgaia:weapon_book_nightmare":1,"minecraft:iron_chestplate":3,"minecraft:andesite":21,"minecraft:mossy_stone_bricks":16,"minecraft:oak_sapling":2,"tombstone:essence_of_undeath":1,"minecraft:stone_pickaxe":1,"minecraft:wooden_pickaxe":1},"minecraft:mined":{"minecraft:dark_oak_planks":10,"twilightforest:iron_ladder":1,"minecraft:white_bed":6,"minecraft:cherry_log":20,"minecraft:jungle_leaves":5,"minecraft:obsidian":1,"minecraft:acacia_log":15,"minecraft:jungle_log":124,"minecraft:oak_pressure_plate":2,"minecraft:lime_stained_glass":13,"minecraft:hopper":2,"minecraft:nether_wart":14,"minecraft:red_stained_glass_pane":2,"minecraft:spawner":2,"minecraft:tall_seagrass":2,"minecraft:dark_oak_trapdoor":15,"minecraft:cobbled_deepslate":122,"minecraft:fire":76,"minecraft:barrel":4,"minecraft:nether_brick_stairs":3,"minecraft:dirt_path":26,"minecraft:oak_stairs":2,"minecraft:brown_mushroom":2,"minecraft:kelp_plant":8,"minecraft:smoker":1,"minecraft:powder_snow":10,"minecraft:torch":20,"minecraft:blast_furnace":1,"twilightforest:uncrafting_table":2,"minecraft:glass":13,"minecraft:sugar_cane":4,"minecraft:wheat":22,"minecraft:grass":223,"minecraft:dark_oak_sapling":4,"minecraft:birch_button":2,"minecraft:red_mushroom_block":18,"minecraft:deepslate":27,"minecraft:dark_oak_log":170,"minecraft:cobbled_deepslate_slab":4,"minecraft:spruce_fence":6,"the_bumblezone:filled_porous_honeycomb_block":1,"minecraft:kelp":2,"minecraft:redstone_ore":1,"minecraft:andesite":5,"minecraft:potatoes":2,"minecraft:cobblestone_slab":4,"minecraft:vine":2,"minecraft:rail":41,"minecraft:bamboo":1,"minecraft:white_wool":5,"minecraft:smithing_table":2,"minecraft:oak_slab":2,"minecraft:glass_pane":10,"minecraft:soul_sand":21,"minecraft:dandelion":3,"minecraft:emerald_ore":1,"minecraft:dropper":1,"minecraft:tall_grass":32,"minecraft:copper_ore":5,"minecraft:deepslate_gold_ore":9,"minecraft:diorite":33,"minecraft:dark_oak_wall_sign":1,"minecraft:birch_leaves":6,"minecraft:gravel":32,"minecraft:cobweb":51,"minecraft:stone_bricks":1,"minecraft:gold_ore":3,"minecraft:fern":1,"minecraft:brewing_stand":1,"minecraft:grass_block":819,"minecraft:composter":2,"minecraft:frosted_ice":2,"minecraft:iron_ore":38,"minecraft:dark_oak_stairs":1,"minecraft:pointed_dripstone":2,"minecraft:iron_bars":2,"minecraft:soul_lantern":1,"the_bumblezone:pile_of_pollen":5,"minecraft:poppy":120,"minecraft:chest":2,"minecraft:mushroom_stem":12,"minecraft:nether_quartz_ore":15,"minecraft:cobblestone":169,"minecraft:grindstone":1,"minecraft:oak_planks":13,"minecraft:iron_door":6,"minecraft:wall_torch":27,"the_bumblezone:porous_honeycomb_block":1,"minecraft:seagrass":3,"minecraft:nether_wart_block":2,"minecraft:birch_log":69,"minecraft:oak_log":16,"minecraft:beetroots":2,"easy_villagers:converter":3,"minecraft:sand":222,"minecraft:dirt":861,"minecraft:netherrack":92,"minecraft:oak_leaves":25,"minecraft:nether_gold_ore":1,"minecraft:diamond_ore":2,"minecraft:tuff":1,"minecraft:deepslate_diamond_ore":2,"minecraft:lever":1,"minecraft:ladder":1,"minecraft:brown_mushroom_block":68,"travelersbackpack:white_sleeping_bag":9,"minecraft:hay_block":48,"easy_villagers:iron_farm":2,"minecraft:furnace":6,"minecraft:carrots":58,"minecraft:peony":1,"minecraft:gold_block":1,"minecraft:bookshelf":188,"minecraft:deepslate_iron_ore":11,"minecraft:shroomlight":1,"minecraft:stone":460,"minecraft:infested_stone_bricks":1,"travelersbackpack:standard":2,"minecraft:oak_fence":6,"minecraft:crafting_table":23,"minecraft:rose_bush":1,"minecraft:lectern":39,"minecraft:stone_slab":1,"minecraft:lapis_ore":1,"minecraft:birch_planks":11,"minecraft:yellow_bed":12,"minecraft:coal_ore":44,"minecraft:cracked_stone_bricks":1,"minecraft:mossy_stone_bricks":4},"minecraft:used":{"minecraft:beetroot":1,"minecraft:dispenser":1,"minecraft:poppy":217,"minecraft:ladder":7,"grimoireofgaia:fireshard":1,"minecraft:black_carpet":4,"minecraft:chest":7,"minecraft:rotten_flesh":5,"minecraft:soul_sand":21,"easy_villagers:converter":4,"grimoireofgaia:honeydew":3,"minecraft:lava_bucket":3,"easy_villagers:iron_farm":3,"minecraft:dark_oak_button":36,"minecraft:red_stained_glass_pane":110,"minecraft:bow":6,"minecraft:dark_oak_boat":6,"minecraft:furnace":8,"minecraft:potato":35,"minecraft:powered_rail":2,"twilightforest:uncrafting_table":2,"minecraft:wooden_pickaxe":26,"minecraft:composter":9,"minecraft:clay":1,"minecraft:golden_apple":2,"minecraft:dark_oak_trapdoor":33,"minecraft:sand":15,"minecraft:blast_furnace":1,"minecraft:lectern":44,"minecraft:oak_pressure_plate":5,"minecraft:soul_lantern":1,"minecraft:diamond_sword":1039,"minecraft:wooden_sword":85,"minecraft:smithing_table":3,"grimoireofgaia:cursed_metal_sword":10,"minecraft:netherrack":14,"minecraft:torch":97,"minecraft:brewing_stand":1,"minecraft:anvil":2,"minecraft:wheat":12,"minecraft:shroomlight":1,"twilightforest:iron_ladder":7,"minecraft:iron_axe":629,"minecraft:jungle_log":43,"minecraft:barrel":3,"minecraft:bamboo":7,"minecraft:glowstone":7,"minecraft:goat_horn":12,"tombstone:gift":4,"minecraft:cobbled_deepslate":1243,"minecraft:wheat_seeds":19,"minecraft:water_bucket":119,"minecraft:birch_planks":4,"minecraft:fletching_table":2,"minecraft:rail":80,"justhammers:diamond_hammer":1297,"minecraft:oak_slab":14,"minecraft:crafting_table":38,"minecraft:red_bed":1,"minecraft:white_bed":8,"justhammers:iron_hammer":182,"minecraft:oak_log":25,"minecraft:diamond_shovel":1589,"tombstone:tablet_of_assistance":5,"minecraft:iron_pickaxe":394,"minecraft:suspicious_stew":2,"travelersbackpack:white_sleeping_bag":8,"minecraft:cobblestone":1555,"minecraft:potion":1,"travelersbackpack:standard":7,"minecraft:cooked_porkchop":21,"minecraft:iron_shovel":911,"minecraft:shield":5,"minecraft:iron_sword":706,"minecraft:nether_wart":20,"grimoireofgaia:soulfire":12,"minecraft:carrot":168,"minecraft:tuff":14,"minecraft:obsidian":15,"minecraft:glass":31,"grimoireofgaia:iron_shield":16,"hmag:golden_tropical_fish":1,"minecraft:iron_helmet":1,"minecraft:birch_button":68,"minecraft:beetroot_seeds":4,"grimoireofgaia:meat":14,"grimoireofgaia:metal_dagger":98,"minecraft:dark_oak_sapling":23,"minecraft:dropper":1,"minecraft:stone_pickaxe":75,"minecraft:dark_oak_sign":12,"minecraft:oak_planks":1,"minecraft:ender_pearl":2,"minecraft:sugar_cane":6,"minecraft:white_wool":5,"minecraft:mushroom_stew":8,"minecraft:sponge":53,"minecraft:redstone_torch":2,"waystones:waystone":1,"minecraft:lever":4,"easy_villagers:villager":13,"hmag:fire_bottle":4,"minecraft:dark_oak_log":35,"grimoireofgaia:weapon_book_nightmare":5,"minecraft:bread":340,"grimoireofgaia:taproot":9,"tombstone:grave_key":6,"minecraft:gravel":42,"minecraft:grindstone":2,"minecraft:andesite":11,"minecraft:bone_meal":53,"minecraft:experience_bottle":2,"minecraft:oak_fence":1,"minecraft:tropical_fish":2,"minecraft:stone_shovel":199,"minecraft:dried_kelp":8,"minecraft:cooked_chicken":5,"minecraft:oak_door":3,"minecraft:dirt":725,"minecraft:hopper":11,"the_bumblezone:porous_honeycomb_block":2,"minecraft:iron_hoe":105,"hmag:soul_apple":2,"minecraft:dark_oak_planks":2,"minecraft:wooden_axe":134,"minecraft:bookshelf":33,"minecraft:oak_stairs":2,"minecraft:lime_stained_glass":21,"minecraft:minecart":11,"minecraft:cooked_beef":48,"minecraft:light_gray_bed":1,"minecraft:cooked_mutton":23,"tombstone:scroll_of_knowledge":1,"minecraft:glass_bottle":24,"minecraft:baked_potato":29,"minecraft:birch_boat":6,"minecraft:cobblestone_slab":24,"the_bumblezone:pollen_puff":6,"hmag:spectral_soup":1,"minecraft:smoker":2,"minecraft:dark_oak_door":2,"tombstone:bag_of_seeds":3,"minecraft:stone_slab":1,"justhammers:stone_hammer":173,"minecraft:stone_axe":404,"hmag:cureberry":4,"grimoireofgaia:golden_apple_pie_slice":1,"minecraft:cobbled_deepslate_slab":20,"minecraft:jungle_door":2,"minecraft:bucket":62,"minecraft:yellow_bed":12,"minecraft:splash_potion":1},"minecraft:picked_up":{"minecraft:wooden_axe":1,"minecraft:smithing_table":2,"minecraft:stone_slab":1,"minecraft:diamond_sword":1,"minecraft:oak_stairs":2,"minecraft:birch_button":13,"minecraft:enchanted_book":3,"hmag:ancient_stone":1,"minecraft:brewing_stand":1,"minecraft:string":82,"minecraft:dark_oak_trapdoor":13,"minecraft:shroomlight":1,"minecraft:beetroot":1,"minecraft:diamond_leggings":1,"minecraft:gold_nugget":57,"minecraft:cobbled_deepslate":3132,"grimoireofgaia:iron_shield":1,"minecraft:spruce_planks":1,"grimoireofgaia:taproot":14,"minecraft:composter":2,"minecraft:acacia_log":15,"easy_villagers:iron_farm":2,"minecraft:cherry_log":20,"minecraft:golden_chestplate":3,"minecraft:stone_sword":3,"grimoireofgaia:stone_coal":3,"minecraft:tropical_fish":2,"minecraft:bookshelf":1,"minecraft:blaze_rod":9,"minecraft:iron_bars":8,"minecraft:birch_log":69,"minecraft:feather":21,"minecraft:cooked_beef":1,"minecraft:iron_door":7,"minecraft:water_bucket":1,"minecraft:jungle_log":121,"minecraft:brown_wool":2,"minecraft:dark_oak_boat":6,"minecraft:smoker":1,"minecraft:flint":2,"minecraft:dark_oak_sign":2,"minecraft:moss_block":1,"minecraft:pitcher_pod":2,"minecraft:honeycomb":2,"minecraft:dropper":1,"minecraft:dark_oak_log":170,"grimoireofgaia:fireshard":2,"minecraft:barrel":4,"minecraft:bundle":7,"minecraft:lever":3,"minecraft:granite":42,"twilightforest:uncrafting_table":3,"the_bumblezone:porous_honeycomb_block":2,"minecraft:crafting_table":23,"minecraft:nether_wart":20,"minecraft:iron_shovel":4,"minecraft:cracked_stone_bricks":12,"twilightforest:iron_ladder":1,"minecraft:beef":59,"minecraft:poppy":228,"minecraft:jungle_sapling":8,"minecraft:iron_nugget":81,"minecraft:minecart":14,"minecraft:chest":1,"minecraft:birch_sapling":29,"minecraft:egg":8,"minecraft:carrot":227,"minecraft:redstone":179,"twilightforest:magic_beans":1,"minecraft:beetroot_seeds":4,"minecraft:hay_block":86,"grimoireofgaia:cursed_metal_sword":3,"tombstone:essence_of_undeath":1,"minecraft:mutton":54,"minecraft:white_wool":41,"minecraft:rail":300,"minecraft:red_mushroom":5,"minecraft:oak_log":16,"tombstone:gift":1,"hmag:fire_bottle":3,"minecraft:stone_bricks":72,"minecraft:apple":2,"minecraft:kelp":19,"grimoireofgaia:golden_apple_pie_slice":1,"minecraft:stone_pickaxe":1,"tombstone:bag_of_seeds":6,"grimoireofgaia:zombie_staff":1,"minecraft:dark_oak_slab":2,"minecraft:gravel":57,"justhammers:diamond_hammer":1,"minecraft:leather_helmet":1,"travelersbackpack:standard":3,"minecraft:slime_ball":3,"minecraft:gray_wool":4,"minecraft:hopper":2,"minecraft:ender_pearl":4,"minecraft:wheat":8,"minecraft:potion":27,"minecraft:raw_copper":103,"minecraft:iron_leggings":2,"minecraft:bucket":1,"minecraft:rose_bush":1,"minecraft:redstone_torch":1,"minecraft:cobblestone_slab":4,"minecraft:iron_boots":2,"minecraft:furnace":6,"minecraft:stick":39,"minecraft:jungle_door":1,"minecraft:oak_fence":6,"minecraft:torch":112,"hmag:diamond_fragment":3,"minecraft:porkchop":24,"minecraft:dried_kelp":1,"minecraft:pointed_dripstone":7,"tombstone:grave_dust":19,"minecraft:diorite":87,"hmag:soul_apple":1,"minecraft:rotten_flesh":136,"minecraft:obsidian":27,"minecraft:cobblestone":3335,"minecraft:pink_petals":3,"minecraft:andesite":74,"minecraft:potato":3,"minecraft:tuff":153,"minecraft:lapis_lazuli":288,"minecraft:dirt":2244,"hmag:evil_crystal_fragment":2,"minecraft:glass":8,"minecraft:bone":51,"minecraft:bow":7,"minecraft:wheat_seeds":68,"minecraft:raw_gold":45,"minecraft:cobbled_deepslate_slab":9,"minecraft:grindstone":1,"minecraft:mossy_stone_bricks":32,"minecraft:bamboo":15,"minecraft:oak_planks":13,"minecraft:cooked_porkchop":4,"hmag:soul_powder":13,"minecraft:oak_pressure_plate":6,"minecraft:sand":260,"minecraft:nether_brick_stairs":6,"hmag:kobold_leather":4,"minecraft:mossy_cobblestone":1,"grimoireofgaia:shiny_pearl":12,"travelersbackpack:white_sleeping_bag":7,"minecraft:sugar":3,"minecraft:clay":2,"minecraft:diamond":77,"minecraft:soul_lantern":1,"waystones:waystone":1,"minecraft:crossbow":1,"minecraft:bone_meal":99,"minecraft:golden_apple":2,"minecraft:emerald":18,"minecraft:oak_sapling":9,"minecraft:netherrack":677,"minecraft:cocoa_beans":9,"grimoireofgaia:soulfire":31,"minecraft:splash_potion":1,"minecraft:chicken":5,"minecraft:ladder":1,"minecraft:brown_mushroom":17,"minecraft:wooden_pickaxe":1,"minecraft:gold_block":2,"minecraft:shield":2,"minecraft:iron_axe":1,"grimoireofgaia:honeydew":3,"minecraft:light_gray_wool":1,"minecraft:lectern":39,"minecraft:sugar_cane":7,"minecraft:dark_oak_sapling":26,"minecraft:raw_iron":289,"grimoireofgaia:meat":13,"minecraft:bowl":1,"minecraft:stone_button":5,"minecraft:cherry_fence_gate":1,"minecraft:dark_oak_planks":76,"minecraft:arrow":60,"minecraft:saddle":1,"hmag:emerald_fragment":1,"minecraft:basalt":2,"minecraft:glow_ink_sac":19,"minecraft:salmon":1,"minecraft:leather":32,"minecraft:birch_planks":11,"minecraft:mushroom_stew":4,"minecraft:yellow_bed":12,"minecraft:nether_wart_block":2,"minecraft:gunpowder":3,"grimoireofgaia:weapon_book_nightmare":2,"easy_villagers:converter":3,"minecraft:iron_ingot":277,"minecraft:stripped_oak_wood":1,"minecraft:soul_sand":21,"minecraft:acacia_sapling":3,"minecraft:book":911,"minecraft:oak_slab":16,"minecraft:birch_boat":5,"minecraft:quartz":146,"minecraft:dandelion":6,"minecraft:dripstone_block":8,"twilightforest:time_log":1,"minecraft:blast_furnace":1,"minecraft:white_bed":6,"minecraft:spider_eye":10,"minecraft:pumpkin_seeds":4,"minecraft:iron_helmet":3,"the_bumblezone:pollen_puff":6,"minecraft:cherry_sapling":14,"tombstone:magic_scroll":2,"minecraft:black_wool":3,"minecraft:coal":524},"minecraft:crafted":{"minecraft:red_stained_glass_pane":112,"travelersbackpack:crafting_upgrade":2,"minecraft:blaze_powder":2,"minecraft:oak_pressure_plate":4,"minecraft:birch_boat":1,"minecraft:birch_slab":30,"minecraft:diamond_shovel":1,"minecraft:lever":1,"minecraft:bookshelf":46,"minecraft:cooked_mutton":31,"minecraft:glass":141,"minecraft:diamond_helmet":1,"minecraft:diamond_leggings":1,"minecraft:glass_bottle":24,"minecraft:emerald":159,"minecraft:cooked_porkchop":23,"travelersbackpack:standard":4,"minecraft:smithing_table":1,"minecraft:fletching_table":1,"minecraft:lectern":2,"minecraft:stone_slab":6,"minecraft:iron_pickaxe":2,"minecraft:iron_block":9,"minecraft:gold_ingot":2,"minecraft:composter":5,"twilightforest:time_planks":4,"minecraft:stone_shovel":2,"minecraft:iron_nugget":4,"minecraft:bone_meal":54,"twilightforest:iron_ladder":6,"travelersbackpack:blank_upgrade":8,"travelersbackpack:gold_tier_upgrade":2,"travelersbackpack:white_sleeping_bag":2,"minecraft:ladder":6,"minecraft:stone_pickaxe":1,"minecraft:diamond_boots":1,"minecraft:dark_oak_planks":699,"minecraft:chainmail_leggings":12,"grimoireofgaia:cursed_metal_sword":1,"minecraft:wheat":423,"minecraft:dried_kelp":8,"minecraft:red_bed":1,"minecraft:dark_oak_button":36,"minecraft:enchanted_book":3,"minecraft:fermented_spider_eye":3,"minecraft:wooden_axe":3,"minecraft:iron_shovel":8,"minecraft:iron_leggings":3,"minecraft:white_bed":2,"minecraft:grindstone":1,"minecraft:oak_planks":496,"minecraft:cobblestone_slab":24,"minecraft:barrel":3,"minecraft:dark_oak_boat":2,"minecraft:cooked_chicken":5,"minecraft:stone":84,"minecraft:dark_oak_door":3,"minecraft:hopper":3,"minecraft:iron_boots":3,"justhammers:diamond_hammer":2,"minecraft:chest":6,"minecraft:rail":352,"minecraft:birch_button":70,"minecraft:raw_iron_block":20,"minecraft:smoker":2,"minecraft:dropper":1,"minecraft:oak_slab":18,"travelersbackpack:iron_tier_upgrade":2,"minecraft:crafting_table":17,"minecraft:baked_potato":31,"minecraft:wooden_pickaxe":2,"minecraft:iron_helmet":3,"minecraft:red_wool":3,"minecraft:birch_planks":120,"minecraft:brewing_stand":1,"minecraft:dispenser":1,"minecraft:dark_oak_slab":60,"minecraft:iron_chestplate":5,"minecraft:shield":2,"minecraft:stick":1144,"minecraft:iron_ingot":694,"minecraft:redstone_torch":7,"minecraft:wooden_sword":2,"minecraft:cobbled_deepslate_slab":24,"minecraft:oak_door":3,"minecraft:raw_iron":180,"minecraft:coal":576,"minecraft:furnace":8,"minecraft:dark_oak_trapdoor":18,"minecraft:mushroom_stew":4,"minecraft:dark_oak_sign":12,"minecraft:glass_pane":112,"minecraft:iron_axe":4,"minecraft:iron_hoe":1,"travelersbackpack:diamond_tier_upgrade":2,"minecraft:minecart":13,"minecraft:cooked_beef":47,"minecraft:red_dye":17,"minecraft:diamond_sword":1,"travelersbackpack:backpack_tank":8,"minecraft:powered_rail":6,"minecraft:activator_rail":6,"minecraft:iron_sword":3,"minecraft:bowl":8,"minecraft:bucket":2,"minecraft:stone_axe":4,"minecraft:air":0,"minecraft:bread":405,"minecraft:jungle_planks":36,"minecraft:jungle_door":3,"justhammers:iron_hammer":2,"justhammers:stone_hammer":1,"minecraft:anvil":2,"minecraft:acacia_planks":4,"minecraft:torch":20,"minecraft:lapis_block":25,"minecraft:diamond_chestplate":1}},"DataVersion":3465}