{"stats":{"minecraft:dropped":{"minecraft:moss_block":1,"minecraft:lapis_lazuli":13,"minecraft:oak_pressure_plate":1,"minecraft:baked_potato":2,"minecraft:cooked_porkchop":4,"minecraft:dark_oak_slab":4,"minecraft:jungle_planks":2,"hmag:kobold_leather":2,"travelersbackpack:standard":1,"minecraft:rail":248,"minecraft:leather_helmet":1,"minecraft:gold_block":1,"minecraft:dirt":677,"tombstone:bag_of_seeds":3,"minecraft:jungle_sapling":6,"minecraft:wooden_sword":1,"minecraft:gold_nugget":6,"minecraft:bone_meal":51,"minecraft:iron_pickaxe":2,"minecraft:dark_oak_planks":65,"minecraft:white_wool":10,"minecraft:bone":6,"minecraft:gravel":2,"minecraft:dark_oak_door":1,"minecraft:goat_horn":1,"minecraft:iron_nugget":11,"minecraft:cobbled_deepslate":119,"minecraft:wheat":4,"minecraft:birch_sapling":17,"minecraft:obsidian":6,"minecraft:rotten_flesh":30,"minecraft:cooked_mutton":5,"justhammers:iron_hammer":1,"minecraft:carrot":73,"minecraft:poppy":57,"justhammers:stone_hammer":1,"minecraft:acacia_sapling":3,"minecraft:arrow":14,"minecraft:glass":8,"minecraft:quartz":43,"minecraft:netherrack":250,"minecraft:egg":6,"minecraft:water_bucket":1,"minecraft:enchanted_book":1,"minecraft:iron_ingot":1,"justhammers:diamond_hammer":1,"minecraft:wheat_seeds":12,"minecraft:tnt":2,"minecraft:minecart":1,"minecraft:bookshelf":1,"minecraft:iron_helmet":1,"minecraft:feather":1,"minecraft:cobblestone":159,"minecraft:book":2,"minecraft:apple":1,"grimoireofgaia:shiny_pearl":1,"minecraft:coal":21,"minecraft:golden_apple":2,"minecraft:stick":1,"minecraft:diorite":6,"minecraft:torch":11,"minecraft:wooden_axe":1,"grimoireofgaia:taproot":1,"minecraft:jungle_door":2,"minecraft:iron_leggings":1,"minecraft:iron_axe":1,"minecraft:iron_shovel":4,"minecraft:string":6,"minecraft:dandelion":2,"minecraft:redstone":82,"minecraft:furnace":2,"minecraft:kelp":4,"hmag:soul_powder":2,"minecraft:cocoa_beans":3,"minecraft:bowl":10,"minecraft:tuff":2,"minecraft:iron_boots":2,"minecraft:cobbled_deepslate_slab":4,"minecraft:pumpkin_seeds":2,"minecraft:filled_map":1,"minecraft:shield":3,"minecraft:bundle":2,"minecraft:iron_chestplate":2,"minecraft:oak_sapling":1,"minecraft:spider_eye":1,"minecraft:bow":1,"minecraft:stone_pickaxe":1,"minecraft:wooden_pickaxe":1},"minecraft:used":{"minecraft:beetroot":1,"minecraft:iron_shovel":813,"minecraft:dispenser":1,"minecraft:ladder":7,"minecraft:poppy":79,"grimoireofgaia:fireshard":1,"minecraft:shield":5,"minecraft:chest":2,"minecraft:iron_sword":706,"grimoireofgaia:soulfire":12,"minecraft:rotten_flesh":5,"minecraft:carrot":168,"minecraft:tuff":14,"minecraft:obsidian":15,"minecraft:glass":18,"minecraft:lava_bucket":3,"grimoireofgaia:iron_shield":4,"grimoireofgaia:honeydew":2,"hmag:golden_tropical_fish":1,"minecraft:iron_helmet":1,"minecraft:dark_oak_button":36,"minecraft:birch_button":57,"minecraft:red_stained_glass_pane":110,"minecraft:bow":6,"minecraft:dark_oak_boat":6,"minecraft:furnace":6,"minecraft:beetroot_seeds":4,"grimoireofgaia:meat":10,"grimoireofgaia:metal_dagger":98,"minecraft:potato":35,"minecraft:dark_oak_sapling":23,"minecraft:oak_planks":1,"minecraft:stone_pickaxe":75,"minecraft:dropper":1,"minecraft:powered_rail":2,"minecraft:dark_oak_sign":12,"minecraft:clay":1,"minecraft:sugar_cane":6,"minecraft:ender_pearl":1,"minecraft:wooden_pickaxe":26,"minecraft:composter":9,"minecraft:white_wool":2,"minecraft:dark_oak_trapdoor":28,"minecraft:sand":14,"minecraft:mushroom_stew":8,"minecraft:blast_furnace":1,"minecraft:redstone_torch":2,"minecraft:lever":4,"minecraft:dark_oak_log":35,"minecraft:bread":305,"minecraft:lectern":29,"tombstone:grave_key":4,"grimoireofgaia:taproot":9,"minecraft:gravel":42,"minecraft:diamond_sword":473,"minecraft:wooden_sword":85,"minecraft:smithing_table":3,"minecraft:andesite":11,"grimoireofgaia:cursed_metal_sword":10,"minecraft:bone_meal":53,"minecraft:experience_bottle":2,"minecraft:oak_fence":1,"minecraft:tropical_fish":2,"minecraft:dried_kelp":8,"minecraft:stone_shovel":199,"minecraft:cooked_chicken":5,"minecraft:netherrack":14,"minecraft:torch":86,"minecraft:dirt":675,"minecraft:anvil":1,"minecraft:wheat":12,"minecraft:hopper":4,"minecraft:iron_hoe":105,"hmag:soul_apple":1,"minecraft:dark_oak_planks":2,"minecraft:wooden_axe":134,"minecraft:iron_axe":420,"minecraft:oak_stairs":2,"minecraft:jungle_log":43,"minecraft:barrel":3,"minecraft:bamboo":7,"minecraft:goat_horn":12,"tombstone:gift":4,"minecraft:minecart":11,"minecraft:cooked_beef":45,"minecraft:cobbled_deepslate":1231,"minecraft:wheat_seeds":19,"minecraft:cooked_mutton":10,"minecraft:water_bucket":44,"minecraft:birch_planks":3,"minecraft:baked_potato":29,"minecraft:birch_boat":2,"minecraft:fletching_table":1,"minecraft:cobblestone_slab":24,"minecraft:rail":80,"justhammers:diamond_hammer":760,"minecraft:crafting_table":36,"minecraft:red_bed":1,"minecraft:white_bed":7,"justhammers:iron_hammer":182,"minecraft:dark_oak_door":2,"minecraft:smoker":2,"tombstone:bag_of_seeds":2,"minecraft:diamond_shovel":1589,"tombstone:tablet_of_assistance":5,"minecraft:iron_pickaxe":383,"travelersbackpack:white_sleeping_bag":8,"minecraft:suspicious_stew":2,"justhammers:stone_hammer":173,"minecraft:stone_axe":404,"grimoireofgaia:golden_apple_pie_slice":1,"minecraft:cobblestone":470,"minecraft:cobbled_deepslate_slab":18,"travelersbackpack:standard":5,"minecraft:cooked_porkchop":20,"minecraft:jungle_door":2,"minecraft:bucket":49,"minecraft:yellow_bed":12},"minecraft:mined":{"minecraft:dark_oak_planks":5,"minecraft:white_bed":6,"minecraft:cherry_log":20,"minecraft:jungle_leaves":5,"minecraft:brewing_stand":1,"minecraft:obsidian":1,"minecraft:acacia_log":15,"minecraft:grass_block":811,"minecraft:jungle_log":124,"minecraft:oak_pressure_plate":1,"minecraft:frosted_ice":2,"minecraft:composter":2,"minecraft:hopper":1,"minecraft:red_stained_glass_pane":2,"minecraft:spawner":2,"minecraft:tall_seagrass":2,"minecraft:dark_oak_trapdoor":11,"minecraft:iron_ore":38,"minecraft:barrel":4,"minecraft:fire":40,"minecraft:cobbled_deepslate":108,"minecraft:dark_oak_stairs":1,"minecraft:pointed_dripstone":2,"minecraft:dirt_path":25,"minecraft:iron_bars":2,"minecraft:oak_stairs":2,"minecraft:kelp_plant":8,"minecraft:smoker":1,"minecraft:powder_snow":10,"minecraft:torch":15,"minecraft:blast_furnace":1,"minecraft:poppy":119,"minecraft:chest":1,"minecraft:mushroom_stem":12,"minecraft:glass":13,"minecraft:cobblestone":110,"minecraft:oak_planks":1,"minecraft:sugar_cane":3,"minecraft:iron_door":6,"minecraft:wall_torch":25,"minecraft:seagrass":3,"minecraft:birch_log":69,"minecraft:wheat":22,"minecraft:grass":206,"minecraft:oak_log":4,"minecraft:beetroots":2,"minecraft:dirt":841,"minecraft:birch_button":2,"minecraft:dark_oak_sapling":4,"minecraft:sand":125,"minecraft:red_mushroom_block":18,"minecraft:netherrack":86,"minecraft:oak_leaves":25,"minecraft:deepslate":27,"minecraft:diamond_ore":2,"minecraft:tuff":1,"minecraft:deepslate_diamond_ore":2,"minecraft:dark_oak_log":170,"minecraft:cobbled_deepslate_slab":4,"minecraft:lever":1,"minecraft:ladder":1,"minecraft:spruce_fence":6,"minecraft:brown_mushroom_block":68,"travelersbackpack:white_sleeping_bag":7,"minecraft:kelp":2,"minecraft:hay_block":48,"minecraft:redstone_ore":1,"minecraft:furnace":6,"minecraft:carrots":58,"minecraft:andesite":5,"minecraft:peony":1,"minecraft:gold_block":1,"minecraft:bookshelf":27,"minecraft:potatoes":2,"minecraft:cobblestone_slab":4,"minecraft:deepslate_iron_ore":11,"minecraft:vine":2,"minecraft:rail":41,"minecraft:bamboo":1,"minecraft:stone":307,"minecraft:white_wool":2,"minecraft:smithing_table":2,"minecraft:glass_pane":10,"minecraft:dandelion":3,"travelersbackpack:standard":1,"minecraft:oak_fence":5,"minecraft:crafting_table":21,"minecraft:dropper":1,"minecraft:rose_bush":1,"minecraft:lectern":28,"minecraft:tall_grass":29,"minecraft:lapis_ore":1,"minecraft:deepslate_gold_ore":9,"minecraft:diorite":33,"minecraft:birch_planks":3,"minecraft:dark_oak_wall_sign":1,"minecraft:birch_leaves":6,"minecraft:yellow_bed":12,"minecraft:coal_ore":24,"minecraft:gravel":32,"minecraft:cobweb":48,"minecraft:stone_bricks":1,"minecraft:mossy_stone_bricks":3,"minecraft:gold_ore":3,"minecraft:fern":1},"minecraft:killed_by":{"grimoireofgaia:mermaid":1,"grimoireofgaia:cecaelia":13,"grimoireofgaia:bone_knight":1,"minecraft:cave_spider":2,"grimoireofgaia:deathword":1,"grimoireofgaia:minotaurus":4,"grimoireofgaia:harpy":2,"grimoireofgaia:spriggan":1,"minecraft:zombie":1,"grimoireofgaia:banshee":2,"grimoireofgaia:dwarf":2,"grimoireofgaia:cobblestone_golem":1,"minecraft:player":2,"grimoireofgaia:flesh_lich":1,"grimoireofgaia:valkyrie":1},"minecraft:killed":{"minecraft:cave_spider":14,"minecraft:spider":11,"grimoireofgaia:sporeling":5,"grimoireofgaia:minotaurus":2,"grimoireofgaia:goblin":1,"minecraft:skeleton":22,"grimoireofgaia:mimic":2,"minecraft:chicken":5,"minecraft:silverfish":2,"minecraft:tropical_fish":3,"grimoireofgaia:mandragora":1,"grimoireofgaia:flesh_lich":3,"grimoireofgaia:spriggan":1,"minecraft:pig":8,"grimoireofgaia:banshee":4,"grimoireofgaia:bone_knight":1,"minecraft:salmon":1,"minecraft:iron_golem":8,"hmag:wither_ghost":1,"minecraft:creeper":2,"minecraft:sheep":31,"minecraft:pillager":6,"minecraft:zombie":41,"grimoireofgaia:deathword":1,"grimoireofgaia:harpy":7,"hmag:ogre":1,"grimoireofgaia:dryad":6,"minecraft:cow":26,"grimoireofgaia:satyress":3,"grimoireofgaia:succubus":2,"hmag:skeleton_girl":4,"grimoireofgaia:ender_eye":1,"grimoireofgaia:bee":4,"hmag:zombie_girl":5,"grimoireofgaia:valkyrie":1,"grimoireofgaia:creep":1,"minecraft:drowned":1,"grimoireofgaia:dwarf":3,"grimoireofgaia:dullahan":14,"hmag:ghost":8,"grimoireofgaia:cyan_flower":1,"grimoireofgaia:gryphon":1,"grimoireofgaia:cecaelia":6,"hmag:kobold":1,"grimoireofgaia:matango":1,"grimoireofgaia:arachne":2,"grimoireofgaia:werecat":4,"minecraft:enderman":2},"minecraft:broken":{"minecraft:iron_shovel":4,"minecraft:iron_boots":1,"minecraft:diamond_shovel":1,"minecraft:wooden_sword":1,"minecraft:stone_axe":4,"minecraft:iron_sword":3,"minecraft:wooden_axe":1,"minecraft:stone_shovel":1,"grimoireofgaia:zombie_staff":1,"minecraft:iron_axe":2,"minecraft:iron_pickaxe":1,"minecraft:iron_helmet":2},"minecraft:crafted":{"minecraft:red_stained_glass_pane":112,"minecraft:oak_planks":16,"minecraft:cobblestone_slab":24,"minecraft:barrel":3,"minecraft:dark_oak_boat":2,"minecraft:cooked_chicken":5,"minecraft:birch_slab":30,"minecraft:stone":20,"minecraft:lever":1,"minecraft:diamond_shovel":1,"minecraft:bookshelf":2,"minecraft:cooked_mutton":15,"minecraft:dark_oak_door":3,"minecraft:glass":96,"minecraft:hopper":3,"minecraft:diamond_helmet":1,"minecraft:diamond_leggings":1,"minecraft:iron_boots":2,"justhammers:diamond_hammer":2,"minecraft:chest":6,"minecraft:rail":352,"minecraft:birch_button":69,"minecraft:raw_iron_block":20,"minecraft:smoker":2,"minecraft:dropper":1,"travelersbackpack:iron_tier_upgrade":2,"minecraft:emerald":19,"minecraft:cooked_porkchop":20,"minecraft:crafting_table":16,"minecraft:baked_potato":31,"travelersbackpack:standard":3,"minecraft:wooden_pickaxe":2,"minecraft:iron_helmet":2,"minecraft:smithing_table":1,"minecraft:red_wool":3,"minecraft:fletching_table":1,"minecraft:birch_planks":120,"minecraft:dispenser":1,"minecraft:lectern":2,"minecraft:dark_oak_slab":60,"minecraft:iron_chestplate":4,"minecraft:shield":2,"minecraft:stick":628,"minecraft:iron_ingot":91,"minecraft:iron_pickaxe":2,"minecraft:iron_block":8,"minecraft:gold_ingot":2,"minecraft:redstone_torch":7,"minecraft:composter":5,"minecraft:wooden_sword":2,"twilightforest:time_planks":4,"minecraft:cobbled_deepslate_slab":24,"minecraft:raw_iron":180,"minecraft:stone_shovel":2,"minecraft:iron_nugget":4,"minecraft:furnace":5,"minecraft:dark_oak_trapdoor":18,"minecraft:mushroom_stew":4,"minecraft:dark_oak_sign":12,"minecraft:bone_meal":54,"travelersbackpack:blank_upgrade":4,"travelersbackpack:gold_tier_upgrade":2,"minecraft:glass_pane":112,"travelersbackpack:white_sleeping_bag":2,"minecraft:iron_axe":3,"minecraft:ladder":6,"minecraft:iron_hoe":1,"minecraft:stone_pickaxe":1,"minecraft:diamond_boots":1,"minecraft:dark_oak_planks":539,"grimoireofgaia:cursed_metal_sword":1,"minecraft:minecart":13,"minecraft:wheat":72,"minecraft:cooked_beef":45,"minecraft:red_dye":17,"minecraft:diamond_sword":1,"travelersbackpack:backpack_tank":6,"minecraft:dried_kelp":8,"minecraft:powered_rail":6,"minecraft:activator_rail":6,"minecraft:iron_sword":3,"minecraft:bowl":8,"minecraft:red_bed":1,"minecraft:bucket":2,"minecraft:dark_oak_button":36,"minecraft:stone_axe":4,"minecraft:bread":288,"minecraft:air":0,"minecraft:jungle_planks":36,"minecraft:jungle_door":3,"justhammers:iron_hammer":2,"justhammers:stone_hammer":1,"minecraft:wooden_axe":3,"minecraft:iron_shovel":8,"minecraft:iron_leggings":2,"minecraft:anvil":1,"minecraft:acacia_planks":4,"minecraft:torch":16,"minecraft:lapis_block":25,"minecraft:diamond_chestplate":1},"minecraft:picked_up":{"minecraft:wooden_axe":1,"minecraft:wheat":8,"minecraft:smithing_table":2,"minecraft:oak_stairs":2,"minecraft:enchanted_book":2,"minecraft:birch_button":3,"hmag:ancient_stone":1,"minecraft:brewing_stand":1,"minecraft:string":79,"minecraft:dark_oak_trapdoor":9,"minecraft:raw_copper":40,"minecraft:iron_leggings":1,"minecraft:beetroot":1,"minecraft:gold_nugget":31,"minecraft:cobbled_deepslate":3117,"minecraft:spruce_planks":1,"grimoireofgaia:iron_shield":1,"minecraft:rose_bush":1,"minecraft:redstone_torch":1,"minecraft:cobblestone_slab":4,"minecraft:iron_boots":2,"minecraft:furnace":6,"grimoireofgaia:taproot":10,"minecraft:stick":39,"minecraft:jungle_door":1,"minecraft:composter":2,"minecraft:oak_fence":5,"minecraft:torch":103,"minecraft:acacia_log":15,"hmag:diamond_fragment":3,"minecraft:porkchop":24,"minecraft:dried_kelp":1,"minecraft:cherry_log":20,"tombstone:grave_dust":10,"minecraft:pointed_dripstone":7,"minecraft:diorite":82,"hmag:soul_apple":1,"minecraft:stone_sword":1,"minecraft:rotten_flesh":83,"grimoireofgaia:stone_coal":3,"minecraft:tropical_fish":2,"minecraft:bookshelf":1,"minecraft:obsidian":27,"minecraft:iron_bars":4,"minecraft:cobblestone":1508,"minecraft:birch_log":69,"minecraft:pink_petals":3,"minecraft:feather":12,"minecraft:iron_door":7,"minecraft:jungle_log":121,"minecraft:andesite":53,"minecraft:water_bucket":1,"minecraft:brown_wool":1,"minecraft:dark_oak_boat":6,"minecraft:smoker":1,"minecraft:potato":2,"minecraft:flint":2,"minecraft:tuff":153,"minecraft:dirt":2171,"minecraft:lapis_lazuli":288,"minecraft:glass":8,"minecraft:bone":29,"minecraft:bow":2,"minecraft:wheat_seeds":68,"minecraft:cobbled_deepslate_slab":7,"minecraft:raw_gold":45,"minecraft:dark_oak_sign":2,"minecraft:mossy_stone_bricks":14,"minecraft:bamboo":15,"minecraft:moss_block":1,"minecraft:oak_planks":1,"minecraft:pitcher_pod":2,"minecraft:cooked_porkchop":4,"hmag:soul_powder":11,"minecraft:oak_pressure_plate":5,"minecraft:dropper":1,"minecraft:sand":124,"minecraft:mossy_cobblestone":1,"hmag:kobold_leather":4,"minecraft:dark_oak_log":170,"grimoireofgaia:fireshard":2,"minecraft:barrel":4,"grimoireofgaia:shiny_pearl":12,"travelersbackpack:white_sleeping_bag":7,"minecraft:bundle":5,"minecraft:clay":2,"minecraft:diamond":77,"minecraft:lever":3,"waystones:waystone":1,"minecraft:crossbow":1,"minecraft:granite":42,"minecraft:bone_meal":99,"minecraft:golden_apple":2,"minecraft:emerald":15,"minecraft:oak_sapling":8,"minecraft:netherrack":624,"minecraft:cocoa_beans":9,"minecraft:crafting_table":21,"grimoireofgaia:soulfire":14,"minecraft:chicken":5,"minecraft:ladder":1,"minecraft:brown_mushroom":15,"minecraft:wooden_pickaxe":1,"minecraft:gold_block":2,"minecraft:shield":2,"minecraft:iron_axe":1,"minecraft:iron_shovel":2,"minecraft:cracked_stone_bricks":6,"grimoireofgaia:honeydew":2,"minecraft:beef":59,"minecraft:sugar_cane":6,"minecraft:jungle_sapling":8,"minecraft:iron_nugget":59,"minecraft:poppy":222,"minecraft:light_gray_wool":1,"minecraft:minecart":14,"minecraft:lectern":28,"minecraft:birch_sapling":29,"minecraft:egg":8,"minecraft:dark_oak_sapling":26,"minecraft:raw_iron":289,"grimoireofgaia:meat":12,"minecraft:stone_button":5,"minecraft:carrot":221,"minecraft:redstone":179,"minecraft:dark_oak_planks":71,"minecraft:arrow":35,"minecraft:beetroot_seeds":4,"minecraft:hay_block":47,"grimoireofgaia:cursed_metal_sword":1,"minecraft:saddle":1,"minecraft:mutton":54,"minecraft:rail":300,"minecraft:white_wool":30,"hmag:emerald_fragment":1,"minecraft:basalt":2,"minecraft:glow_ink_sac":19,"minecraft:salmon":1,"minecraft:leather":28,"minecraft:red_mushroom":5,"minecraft:birch_planks":3,"minecraft:mushroom_stew":4,"minecraft:oak_log":4,"minecraft:yellow_bed":12,"minecraft:gunpowder":3,"tombstone:gift":1,"minecraft:stone_bricks":36,"minecraft:apple":2,"minecraft:kelp":19,"grimoireofgaia:golden_apple_pie_slice":1,"minecraft:iron_ingot":39,"minecraft:stone_pickaxe":1,"minecraft:stripped_oak_wood":1,"tombstone:bag_of_seeds":5,"minecraft:acacia_sapling":3,"minecraft:book":65,"grimoireofgaia:zombie_staff":1,"minecraft:dark_oak_slab":2,"minecraft:birch_boat":2,"minecraft:quartz":58,"minecraft:dandelion":6,"minecraft:dripstone_block":8,"minecraft:gravel":57,"twilightforest:time_log":1,"minecraft:blast_furnace":1,"minecraft:white_bed":6,"justhammers:diamond_hammer":1,"minecraft:spider_eye":10,"minecraft:leather_helmet":1,"travelersbackpack:standard":2,"minecraft:pumpkin_seeds":4,"minecraft:iron_helmet":1,"minecraft:cherry_sapling":14,"minecraft:gray_wool":2,"tombstone:magic_scroll":1,"minecraft:black_wool":2,"minecraft:coal":372,"minecraft:hopper":1,"minecraft:ender_pearl":3},"minecraft:custom":{"minecraft:interact_with_crafting_table":142,"minecraft:open_barrel":26,"minecraft:leave_game":15,"minecraft:time_since_death":6648,"minecraft:sprint_one_cm":1522449,"minecraft:damage_blocked_by_shield":310,"minecraft:drop":202,"minecraft:talked_to_villager":98,"minecraft:play_time":648337,"minecraft:deaths":36,"minecraft:jump":6285,"minecraft:walk_on_water_one_cm":119652,"minecraft:enchant_item":6,"minecraft:interact_with_furnace":80,"minecraft:traded_with_villager":68,"minecraft:sleep_in_bed":17,"minecraft:damage_dealt":82969,"minecraft:crouch_one_cm":268832,"tombstone:undead_killed":90,"minecraft:interact_with_smoker":25,"minecraft:inspect_dispenser":3,"minecraft:interact_with_smithing_table":9,"minecraft:inspect_dropper":2,"minecraft:interact_with_anvil":4,"minecraft:mob_kills":284,"minecraft:inspect_hopper":8,"minecraft:damage_dealt_resisted":1025,"minecraft:climb_one_cm":9854,"minecraft:walk_one_cm":1322189,"minecraft:sneak_time":102239,"minecraft:walk_under_water_one_cm":139213,"minecraft:boat_one_cm":502674,"minecraft:interact_with_blast_furnace":21,"minecraft:total_world_time":648337,"tombstone:raider_killed":6,"minecraft:time_since_rest":6523,"minecraft:damage_taken":20765,"minecraft:damage_absorbed":41,"minecraft:swim_one_cm":164715,"minecraft:fly_one_cm":980555,"minecraft:open_chest":335,"minecraft:fall_one_cm":189357}},"DataVersion":3465}