{"stats":{"minecraft:used":{"minecraft:poppy":1,"minecraft:chest":46,"minecraft:rotten_flesh":15,"grimoireofgaia:deco_nest_harpy":1,"minecraft:spruce_boat":1,"grimoireofgaia:honeydew":1,"hmag:bat_stew":2,"hmag:exp_berry":10,"minecraft:lava_bucket":1,"minecraft:bow":25,"minecraft:dark_oak_boat":10,"minecraft:oak_sapling":12,"minecraft:furnace":10,"minecraft:cooked_cod":6,"minecraft:egg":4,"minecraft:diorite":9,"minecraft:wooden_pickaxe":5,"minecraft:composter":10,"minecraft:golden_apple":3,"minecraft:glow_berries":27,"minecraft:blast_furnace":6,"minecraft:birch_fence":34,"minecraft:soul_lantern":4,"minecraft:wooden_sword":7,"minecraft:smithing_table":1,"minecraft:dark_oak_fence":14,"minecraft:birch_log":14,"minecraft:enchanting_table":2,"minecraft:stone_sword":265,"minecraft:armor_stand":4,"minecraft:torch":767,"minecraft:anvil":2,"minecraft:wheat":1,"minecraft:iron_axe":897,"minecraft:barrel":10,"minecraft:bamboo":3,"minecraft:beef":6,"tombstone:gift":11,"minecraft:cobbled_deepslate":339,"minecraft:cherry_log":2,"minecraft:wheat_seeds":108,"minecraft:water_bucket":31,"minecraft:birch_planks":140,"minecraft:rabbit":1,"minecraft:mossy_cobblestone":1,"minecraft:crafting_table":36,"minecraft:white_bed":5,"minecraft:dark_oak_fence_gate":2,"justhammers:iron_hammer":20,"minecraft:oak_log":89,"minecraft:diamond_pickaxe":642,"tombstone:tablet_of_assistance":3,"minecraft:iron_pickaxe":3003,"minecraft:suspicious_stew":1,"tombstone:magic_scroll":11,"travelersbackpack:standard":13,"minecraft:cobblestone":855,"minecraft:potion":3,"minecraft:cooked_porkchop":7,"minecraft:diamond_leggings":1,"minecraft:iron_shovel":1300,"minecraft:diamond_hoe":63,"minecraft:shield":187,"minecraft:iron_sword":3675,"grimoireofgaia:soulfire":36,"minecraft:carrot":625,"minecraft:iron_helmet":2,"grimoireofgaia:meat":8,"grimoireofgaia:metal_dagger":1,"minecraft:dark_oak_sapling":49,"minecraft:golden_boots":2,"minecraft:dark_oak_stairs":31,"minecraft:stone_pickaxe":2039,"minecraft:oak_planks":369,"minecraft:sugar_cane":1,"minecraft:white_wool":1,"minecraft:mushroom_stew":5,"hmag:fire_bottle":2,"minecraft:birch_fence_gate":1,"minecraft:bread":141,"grimoireofgaia:taproot":3,"minecraft:gravel":15,"minecraft:golden_helmet":1,"minecraft:stripped_oak_wood":2,"minecraft:grindstone":20,"minecraft:andesite":9,"minecraft:smooth_stone_slab":7,"minecraft:bone_meal":37,"minecraft:golden_pickaxe":19,"minecraft:experience_bottle":10,"minecraft:oak_fence":12,"minecraft:flint_and_steel":8,"minecraft:dried_kelp":13,"minecraft:spruce_planks":18,"minecraft:sculk":11,"minecraft:stone_hoe":17,"minecraft:cooked_chicken":7,"minecraft:dirt":932,"minecraft:granite":9,"hmag:soul_apple":1,"minecraft:dark_oak_planks":249,"minecraft:wooden_axe":191,"minecraft:bookshelf":14,"minecraft:oak_stairs":142,"minecraft:iron_boots":3,"minecraft:golden_carrot":10,"minecraft:cooked_beef":8,"minecraft:iron_leggings":2,"minecraft:cooked_mutton":34,"minecraft:cobblestone_stairs":17,"minecraft:baked_potato":2,"minecraft:birch_boat":10,"minecraft:spider_eye":1,"hmag:spectral_soup":1,"minecraft:smoker":1,"minecraft:dark_oak_door":6,"tombstone:bag_of_seeds":2,"minecraft:wooden_hoe":49,"minecraft:apple":35,"minecraft:map":2,"minecraft:golden_leggings":1,"minecraft:stone_axe":670,"minecraft:bucket":33,"minecraft:yellow_bed":1,"minecraft:sculk_catalyst":3,"minecraft:birch_stairs":45},"minecraft:dropped":{"minecraft:clay":1,"minecraft:iron_sword":19,"minecraft:lapis_lazuli":6,"minecraft:glow_ink_sac":3,"minecraft:glass_bottle":5,"minecraft:dark_oak_slab":6,"minecraft:crossbow":2,"minecraft:saddle":2,"minecraft:rail":8,"minecraft:dirt":232,"minecraft:birch_fence":5,"minecraft:gold_nugget":24,"minecraft:wooden_sword":1,"minecraft:bone_meal":1,"minecraft:sunflower":1,"minecraft:sand":4,"minecraft:iron_pickaxe":6,"minecraft:dark_oak_planks":32,"minecraft:birch_stairs":14,"minecraft:bone":14,"minecraft:stone_axe":2,"minecraft:compass":2,"minecraft:lever":1,"minecraft:iron_nugget":150,"minecraft:cobbled_deepslate":226,"minecraft:birch_sapling":58,"minecraft:wheat":5,"minecraft:rotten_flesh":67,"minecraft:oak_planks":4,"minecraft:white_bed":2,"minecraft:chiseled_deepslate":1,"minecraft:tipped_arrow":2,"hmag:sharp_fang":6,"minecraft:leather_boots":2,"minecraft:acacia_sapling":3,"minecraft:leather_leggings":1,"minecraft:glass":8,"minecraft:egg":4,"minecraft:golden_boots":1,"minecraft:enchanted_book":6,"tombstone:scroll_of_feather_fall":1,"minecraft:iron_ingot":89,"minecraft:wheat_seeds":23,"minecraft:tnt":2,"minecraft:iron_helmet":6,"minecraft:feather":45,"minecraft:cobblestone":617,"minecraft:book":1,"minecraft:apple":1,"minecraft:granite":8,"minecraft:disc_fragment_5":3,"hmag:diamond_fragment":2,"minecraft:coal":40,"minecraft:mushroom_stew":4,"minecraft:jungle_slab":1,"minecraft:iron_trapdoor":1,"minecraft:wooden_hoe":1,"grimoireofgaia:taproot":4,"minecraft:dried_kelp":1,"minecraft:oak_stairs":4,"minecraft:iron_shovel":1,"minecraft:paper":9,"minecraft:string":50,"hmag:evil_crystal_fragment":11,"grimoireofgaia:weapon_book":1,"minecraft:furnace":3,"hmag:soul_powder":14,"minecraft:stone_sword":2,"minecraft:smooth_stone_slab":1,"minecraft:bowl":4,"minecraft:deepslate":4,"minecraft:iron_boots":3,"minecraft:name_tag":1,"hmag:soul_apple":1,"minecraft:spruce_fence":2,"minecraft:shears":1,"minecraft:pumpkin_seeds":5,"grimoireofgaia:deco_nest_harpy":1,"grimoireofgaia:soulfire":60,"minecraft:spruce_planks":14,"minecraft:bundle":7,"minecraft:diamond_pickaxe":1,"minecraft:stone_pressure_plate":1,"minecraft:spider_eye":8,"minecraft:birch_boat":1,"minecraft:bow":1,"minecraft:red_tulip":1,"minecraft:candle":3,"minecraft:birch_planks":6,"minecraft:oak_log":33,"minecraft:golden_pickaxe":1,"minecraft:dark_oak_sapling":3,"minecraft:jungle_fence":1,"minecraft:leather":3,"travelersbackpack:standard":2,"minecraft:birch_slab":5,"minecraft:flint":1,"minecraft:music_disc_13":1,"minecraft:dark_oak_log":16,"minecraft:mutton":12,"minecraft:stripped_oak_wood":2,"minecraft:gold_ingot":2,"minecraft:gravel":14,"minecraft:carrot":35,"minecraft:birch_fence_gate":2,"hmag:lich_cloth":2,"minecraft:poppy":47,"minecraft:rabbit_hide":2,"hmag:ancient_stone":1,"minecraft:gunpowder":6,"minecraft:beetroot_seeds":2,"minecraft:melon_seeds":12,"minecraft:chest":3,"grimoireofgaia:metal_dagger":2,"minecraft:arrow":37,"minecraft:netherrack":1,"minecraft:stone_hoe":1,"minecraft:bread":1,"grimoireofgaia:emerald_shard":2,"grimoireofgaia:shiny_pearl":2,"minecraft:spruce_stairs":1,"minecraft:stick":31,"minecraft:diorite":24,"minecraft:torch":19,"hmag:copper_nugget":2,"tombstone:grave_key":3,"tombstone:grave_dust":39,"minecraft:fire_charge":1,"minecraft:iron_leggings":6,"minecraft:iron_axe":2,"minecraft:polished_basalt":1,"minecraft:pink_petals":4,"minecraft:dandelion":7,"minecraft:redstone":44,"minecraft:kelp":22,"minecraft:raw_copper":19,"minecraft:tuff":19,"minecraft:raw_iron":65,"minecraft:sculk_sensor":2,"minecraft:light_gray_wool":1,"minecraft:filled_map":8,"minecraft:shield":1,"minecraft:iron_chestplate":7,"minecraft:andesite":15,"minecraft:mossy_stone_bricks":1,"minecraft:golden_leggings":1,"minecraft:oak_sapling":65},"minecraft:mined":{"minecraft:dark_oak_planks":65,"minecraft:white_bed":4,"minecraft:cherry_log":79,"minecraft:jungle_leaves":3,"minecraft:obsidian":12,"minecraft:granite":36,"minecraft:jungle_log":22,"minecraft:spawner":4,"minecraft:tall_seagrass":3,"minecraft:cobbled_deepslate":3,"minecraft:fire":24,"minecraft:barrel":6,"minecraft:pumpkin":1,"minecraft:deepslate_lapis_ore":7,"minecraft:enchanting_table":1,"minecraft:sculk_shrieker":2,"minecraft:dirt_path":111,"minecraft:oak_stairs":11,"minecraft:tripwire":2,"minecraft:kelp_plant":15,"minecraft:smoker":1,"minecraft:powder_snow":1,"minecraft:torch":33,"minecraft:blast_furnace":5,"minecraft:sugar_cane":8,"minecraft:wheat":37,"minecraft:grass":265,"minecraft:dark_oak_sapling":7,"minecraft:red_mushroom_block":72,"minecraft:deepslate":617,"minecraft:infested_deepslate":1,"minecraft:deepslate_tiles":2,"grimoireofgaia:deco_nest_harpy":1,"minecraft:mossy_cobblestone":7,"minecraft:dark_oak_log":320,"minecraft:birch_fence_gate":1,"minecraft:dark_oak_fence":1,"minecraft:spruce_fence":2,"minecraft:redstone_wire":1,"minecraft:kelp":11,"minecraft:redstone_ore":9,"minecraft:andesite":30,"minecraft:mossy_stone_brick_stairs":1,"minecraft:potatoes":1,"minecraft:vine":3,"minecraft:bamboo":4,"minecraft:white_wool":1,"minecraft:smithing_table":1,"minecraft:birch_stairs":8,"minecraft:dandelion":4,"minecraft:cornflower":1,"minecraft:emerald_ore":4,"minecraft:tall_grass":24,"minecraft:copper_ore":1,"minecraft:deepslate_gold_ore":83,"minecraft:diorite":47,"minecraft:spruce_log":16,"minecraft:birch_leaves":1,"minecraft:jungle_fence":1,"minecraft:sunflower":8,"minecraft:gravel":37,"minecraft:cobweb":45,"minecraft:gold_ore":16,"minecraft:iron_trapdoor":1,"minecraft:stone_pressure_plate":1,"minecraft:spruce_planks":5,"minecraft:jungle_slab":2,"minecraft:cobblestone_stairs":1,"minecraft:sculk_vein":10,"minecraft:grass_block":448,"minecraft:composter":9,"minecraft:frosted_ice":1,"minecraft:sculk_catalyst":3,"minecraft:iron_ore":198,"minecraft:anvil":1,"minecraft:azure_bluet":1,"minecraft:dark_oak_stairs":7,"minecraft:deepslate_redstone_ore":6,"minecraft:soul_lantern":4,"minecraft:poppy":18,"minecraft:chest":22,"minecraft:mushroom_stem":16,"minecraft:cobblestone":183,"minecraft:grindstone":20,"minecraft:oak_planks":26,"minecraft:wall_torch":23,"minecraft:deepslate_copper_ore":4,"minecraft:pink_petals":13,"minecraft:seagrass":1,"minecraft:dark_oak_door":3,"minecraft:birch_log":191,"minecraft:stripped_oak_wood":4,"minecraft:oak_log":279,"minecraft:beetroots":1,"minecraft:sand":133,"minecraft:dirt":398,"minecraft:netherrack":1,"minecraft:oak_leaves":27,"minecraft:diamond_ore":1,"minecraft:tuff":28,"minecraft:deepslate_diamond_ore":23,"minecraft:lever":1,"minecraft:brown_mushroom_block":45,"minecraft:spruce_leaves":9,"minecraft:hay_block":34,"minecraft:furnace":11,"minecraft:carrots":239,"minecraft:polished_basalt":1,"minecraft:stripped_spruce_log":10,"minecraft:chiseled_deepslate":1,"minecraft:gold_block":5,"minecraft:bell":1,"minecraft:deepslate_iron_ore":193,"minecraft:stripped_oak_log":2,"minecraft:stone":3448,"travelersbackpack:standard":22,"minecraft:oak_fence":12,"minecraft:crafting_table":28,"minecraft:sculk_sensor":47,"minecraft:lapis_ore":2,"minecraft:sculk":44,"minecraft:spruce_stairs":3,"minecraft:birch_planks":13,"minecraft:yellow_bed":1,"minecraft:coal_ore":550,"minecraft:mossy_stone_bricks":1,"minecraft:birch_fence":3},"minecraft:killed_by":{"hmag:harpy":1,"grimoireofgaia:minotaurus":5,"grimoireofgaia:dullahan":4,"minecraft:zombie":2,"grimoireofgaia:dwarf":7,"grimoireofgaia:cobblestone_golem":2,"grimoireofgaia:ender_eye":1,"minecraft:vex":2,"grimoireofgaia:satyress":1,"minecraft:warden":8,"minecraft:creeper":1,"grimoireofgaia:minotaur":1,"grimoireofgaia:cecaelia":10,"grimoireofgaia:bone_knight":1,"grimoireofgaia:deathword":2,"grimoireofgaia:harpy":3,"grimoireofgaia:banshee":2,"grimoireofgaia:sporeling":1,"grimoireofgaia:werecat":1,"grimoireofgaia:valkyrie":4,"minecraft:skeleton":1},"minecraft:killed":{"minecraft:cave_spider":8,"minecraft:skeleton":57,"grimoireofgaia:mimic":5,"minecraft:chicken":7,"hmag:catoblepas":1,"grimoireofgaia:spriggan":3,"grimoireofgaia:banshee":9,"minecraft:iron_golem":1,"minecraft:pillager":13,"minecraft:zombie":71,"grimoireofgaia:deathword":10,"minecraft:cow":12,"hmag:creeper_girl":1,"hmag:skeleton_girl":7,"hmag:zombie_girl":18,"grimoireofgaia:dwarf":3,"grimoireofgaia:cyan_flower":2,"minecraft:enderman":4,"minecraft:spider":29,"grimoireofgaia:sporeling":1,"grimoireofgaia:minotaurus":16,"minecraft:silverfish":1,"grimoireofgaia:mandragora":1,"hmag:harpy":1,"minecraft:pig":6,"minecraft:zombie_villager":1,"grimoireofgaia:bone_knight":7,"grimoireofgaia:cobblestone_golem":1,"minecraft:creeper":9,"minecraft:sheep":14,"grimoireofgaia:harpy":43,"grimoireofgaia:dryad":5,"minecraft:vex":1,"grimoireofgaia:satyress":3,"grimoireofgaia:centaur":7,"grimoireofgaia:ender_eye":5,"grimoireofgaia:bee":3,"minecraft:drowned":8,"grimoireofgaia:dullahan":60,"hmag:ghost":12,"grimoireofgaia:gryphon":3,"grimoireofgaia:cecaelia":25,"grimoireofgaia:horse":6,"grimoireofgaia:arachne":1,"grimoireofgaia:matango":1,"grimoireofgaia:werecat":6,"grimoireofgaia:kobold":1},"minecraft:broken":{"minecraft:iron_boots":1,"minecraft:iron_chestplate":1,"minecraft:iron_leggings":2,"minecraft:iron_sword":5,"minecraft:stone_sword":2,"minecraft:shield":1,"minecraft:iron_axe":2,"minecraft:iron_pickaxe":10,"minecraft:iron_helmet":3,"minecraft:golden_helmet":2,"minecraft:iron_shovel":4,"minecraft:stone_pickaxe":16,"minecraft:stone_axe":6,"minecraft:wooden_axe":3},"minecraft:crafted":{"minecraft:smooth_stone":9,"minecraft:birch_boat":2,"minecraft:birch_slab":12,"minecraft:bookshelf":14,"minecraft:cooked_mutton":31,"minecraft:glass":18,"minecraft:birch_fence_gate":1,"minecraft:deepslate":1,"minecraft:emerald":24,"minecraft:cooked_porkchop":5,"travelersbackpack:standard":1,"minecraft:wooden_hoe":1,"minecraft:iron_pickaxe":14,"minecraft:iron_block":3,"minecraft:gold_ingot":58,"minecraft:composter":1,"minecraft:birch_stairs":36,"minecraft:smooth_stone_slab":12,"minecraft:bone_meal":39,"minecraft:dark_oak_fence":36,"travelersbackpack:white_sleeping_bag":1,"minecraft:stone_pickaxe":18,"minecraft:spruce_boat":2,"minecraft:dark_oak_planks":672,"grimoireofgaia:cursed_metal_sword":3,"minecraft:wheat":306,"minecraft:enchanting_table":1,"minecraft:dried_kelp":13,"minecraft:wooden_axe":3,"minecraft:oak_stairs":168,"minecraft:iron_shovel":6,"minecraft:iron_leggings":8,"minecraft:armor_stand":4,"minecraft:white_bed":3,"minecraft:oak_planks":804,"minecraft:barrel":4,"minecraft:dark_oak_boat":1,"minecraft:cooked_chicken":7,"minecraft:cobblestone_stairs":20,"minecraft:stone":9,"minecraft:bow":1,"minecraft:iron_boots":3,"grimoireofgaia:metal_dagger":2,"minecraft:chest":39,"minecraft:stone_hoe":1,"minecraft:crafting_table":13,"minecraft:spruce_planks":48,"minecraft:iron_helmet":8,"minecraft:wooden_pickaxe":1,"minecraft:birch_planks":500,"minecraft:dark_oak_slab":6,"minecraft:iron_chestplate":6,"minecraft:diamond_pickaxe":2,"minecraft:shield":1,"minecraft:stick":336,"minecraft:birch_fence":36,"minecraft:iron_ingot":266,"minecraft:stone_sword":2,"minecraft:dark_oak_fence_gate":2,"minecraft:shears":2,"minecraft:cherry_planks":100,"minecraft:wooden_sword":1,"minecraft:furnace":4,"minecraft:blast_furnace":1,"minecraft:mushroom_stew":9,"minecraft:iron_axe":4,"minecraft:cooked_beef":8,"minecraft:diamond_sword":1,"minecraft:dark_oak_stairs":44,"travelersbackpack:backpack_tank":2,"minecraft:iron_sword":13,"minecraft:bowl":20,"minecraft:bucket":3,"minecraft:stone_axe":7,"minecraft:air":0,"minecraft:bread":113,"minecraft:jungle_planks":100,"minecraft:anvil":1,"minecraft:torch":600},"minecraft:picked_up":{"minecraft:iron_chestplate":6,"minecraft:suspicious_stew":1,"minecraft:anvil":1,"minecraft:smithing_table":1,"minecraft:lead":1,"minecraft:oak_stairs":11,"minecraft:enchanted_book":11,"hmag:ancient_stone":1,"minecraft:music_disc_cat":3,"minecraft:string":50,"minecraft:diamond_leggings":7,"minecraft:gold_nugget":32,"minecraft:cobbled_deepslate":583,"minecraft:spruce_planks":6,"minecraft:enchanted_golden_apple":2,"grimoireofgaia:taproot":7,"minecraft:dark_oak_door":6,"minecraft:golden_helmet":1,"minecraft:composter":9,"hmag:lich_cloth":2,"minecraft:cherry_log":70,"minecraft:stone_sword":2,"minecraft:polished_basalt":1,"minecraft:red_tulip":1,"minecraft:snowball":11,"minecraft:birch_log":191,"minecraft:feather":45,"minecraft:birch_slab":10,"minecraft:jungle_log":46,"minecraft:dark_oak_boat":9,"minecraft:smoker":1,"minecraft:flint":4,"minecraft:map":1,"minecraft:rabbit":2,"hmag:exp_berry":7,"hmag:necrofiber":1,"tombstone:scroll_of_feather_fall":1,"minecraft:birch_fence_gate":2,"minecraft:stripped_spruce_log":10,"minecraft:dark_oak_log":376,"minecraft:barrel":6,"minecraft:bundle":7,"minecraft:deepslate":3,"minecraft:lever":1,"minecraft:granite":18,"minecraft:bread":1,"minecraft:dark_oak_fence":1,"minecraft:diamond_pickaxe":1,"minecraft:crafting_table":29,"minecraft:compass":2,"minecraft:iron_shovel":5,"minecraft:beef":28,"minecraft:jungle_sapling":12,"minecraft:iron_nugget":248,"minecraft:poppy":47,"minecraft:minecart":2,"minecraft:chest":22,"minecraft:birch_sapling":77,"minecraft:egg":9,"grimoireofgaia:box_gold":1,"minecraft:spruce_fence":2,"minecraft:carrot":508,"minecraft:redstone":115,"minecraft:tnt":4,"minecraft:beetroot_seeds":2,"minecraft:shears":1,"minecraft:hay_block":34,"grimoireofgaia:cursed_metal_sword":5,"minecraft:gold_ingot":62,"minecraft:glow_berries":28,"minecraft:mutton":20,"minecraft:white_wool":19,"minecraft:stripped_oak_log":2,"minecraft:jungle_fence":1,"minecraft:red_mushroom":75,"minecraft:filled_map":2,"minecraft:oak_log":336,"minecraft:paper":9,"tombstone:gift":2,"minecraft:apple":29,"minecraft:kelp":32,"grimoireofgaia:golden_apple_pie_slice":1,"tombstone:bag_of_seeds":1,"minecraft:glass_bottle":2,"minecraft:iron_sword":10,"minecraft:dark_oak_stairs":7,"minecraft:dark_oak_slab":3,"minecraft:sculk":6,"minecraft:torchflower_seeds":2,"minecraft:gravel":91,"minecraft:birch_stairs":23,"minecraft:spruce_sapling":2,"minecraft:spruce_log":30,"grimoireofgaia:box_iron":4,"travelersbackpack:standard":25,"minecraft:stone_axe":2,"minecraft:gray_wool":1,"minecraft:baked_potato":2,"minecraft:melon_seeds":12,"minecraft:ender_pearl":4,"minecraft:chiseled_deepslate":1,"minecraft:wheat":39,"minecraft:iron_trapdoor":1,"minecraft:potion":6,"tombstone:grave_key":2,"minecraft:raw_copper":19,"minecraft:iron_leggings":6,"minecraft:experience_bottle":10,"minecraft:bucket":2,"minecraft:iron_pickaxe":8,"minecraft:iron_boots":6,"minecraft:furnace":12,"minecraft:tipped_arrow":5,"minecraft:stick":149,"minecraft:oak_fence":12,"minecraft:torch":177,"hmag:diamond_fragment":2,"minecraft:spruce_stairs":2,"minecraft:porkchop":14,"tombstone:grave_dust":40,"minecraft:diorite":33,"grimoireofgaia:deco_nest_harpy":2,"hmag:soul_apple":5,"minecraft:rotten_flesh":86,"minecraft:obsidian":12,"minecraft:cobblestone":3605,"minecraft:enchanting_table":1,"minecraft:pink_petals":43,"hmag:copper_nugget":2,"grimoireofgaia:metal_dagger":5,"minecraft:andesite":24,"minecraft:potato":1,"minecraft:tuff":19,"minecraft:lapis_lazuli":156,"minecraft:dirt":1429,"minecraft:name_tag":3,"hmag:evil_crystal_fragment":11,"minecraft:leather_boots":2,"minecraft:glass":2,"minecraft:bone":76,"travelersbackpack:backpack_tank":2,"minecraft:bow":4,"minecraft:wheat_seeds":150,"minecraft:raw_gold":97,"minecraft:bell":1,"minecraft:grindstone":20,"minecraft:mossy_stone_bricks":1,"minecraft:bamboo":46,"minecraft:oak_planks":31,"hmag:sharp_fang":8,"minecraft:cooked_porkchop":2,"minecraft:music_disc_13":4,"hmag:soul_powder":14,"justhammers:iron_hammer":1,"grimoireofgaia:emerald_shard":2,"minecraft:sand":148,"minecraft:grass_block":3,"minecraft:mossy_cobblestone":7,"minecraft:jungle_slab":1,"grimoireofgaia:shiny_pearl":22,"minecraft:clay":2,"minecraft:diamond":24,"minecraft:soul_lantern":4,"waystones:waystone":1,"tombstone:tablet_of_recall":3,"minecraft:crossbow":1,"minecraft:bone_meal":3,"minecraft:emerald":4,"minecraft:oak_sapling":199,"minecraft:netherrack":196,"minecraft:azure_bluet":1,"grimoireofgaia:soulfire":92,"minecraft:chicken":7,"minecraft:packed_ice":12,"minecraft:brown_mushroom":39,"minecraft:gold_block":4,"minecraft:diamond_horse_armor":2,"minecraft:shield":1,"minecraft:iron_axe":2,"minecraft:birch_fence":8,"minecraft:candle":7,"grimoireofgaia:honeydew":1,"minecraft:echo_shard":10,"minecraft:light_gray_wool":1,"minecraft:sugar_cane":24,"minecraft:dark_oak_sapling":53,"minecraft:raw_iron":461,"grimoireofgaia:meat":10,"minecraft:bowl":27,"hmag:evil_arrow":3,"minecraft:stone_pressure_plate":1,"minecraft:dark_oak_planks":111,"minecraft:arrow":84,"minecraft:saddle":3,"grimoireofgaia:weapon_book":1,"minecraft:golden_carrot":10,"minecraft:glow_ink_sac":8,"minecraft:leather":40,"minecraft:birch_planks":13,"minecraft:yellow_bed":1,"minecraft:gunpowder":6,"minecraft:cobblestone_stairs":5,"tombstone:voodoo_poppet":1,"minecraft:cooked_mutton":5,"minecraft:coast_armor_trim_smithing_template":2,"minecraft:rabbit_hide":2,"minecraft:iron_ingot":400,"minecraft:stripped_oak_wood":4,"minecraft:acacia_sapling":3,"minecraft:book":28,"minecraft:sculk_catalyst":3,"minecraft:pumpkin":2,"minecraft:birch_boat":10,"minecraft:dandelion":11,"minecraft:lava_bucket":1,"minecraft:amethyst_shard":41,"minecraft:soul_torch":36,"minecraft:blast_furnace":5,"minecraft:white_bed":4,"minecraft:spider_eye":9,"minecraft:pumpkin_seeds":7,"minecraft:iron_helmet":3,"minecraft:cherry_sapling":48,"tombstone:magic_scroll":3,"minecraft:coal":1037,"minecraft:sunflower":1},"minecraft:custom":{"minecraft:interact_with_crafting_table":152,"minecraft:open_barrel":48,"minecraft:bell_ring":32,"minecraft:leave_game":15,"minecraft:time_since_death":33236,"minecraft:damage_blocked_by_shield":6360,"minecraft:play_time":1310655,"minecraft:deaths":64,"minecraft:jump":15165,"minecraft:enchant_item":1,"minecraft:interact_with_furnace":74,"minecraft:traded_with_villager":24,"minecraft:sleep_in_bed":23,"minecraft:damage_dealt":170024,"tombstone:undead_killed":190,"minecraft:interact_with_smoker":19,"minecraft:inspect_dispenser":3,"minecraft:interact_with_smithing_table":1,"minecraft:interact_with_anvil":7,"minecraft:inspect_hopper":6,"minecraft:sneak_time":178819,"minecraft:interact_with_blast_furnace":48,"minecraft:total_world_time":1310655,"tombstone:raider_killed":13,"minecraft:time_since_rest":33004,"tombstone:cast_on_ally":0,"minecraft:swim_one_cm":277038,"minecraft:fly_one_cm":2252308,"minecraft:open_chest":799,"minecraft:fall_one_cm":361877,"minecraft:animals_bred":1,"minecraft:sprint_one_cm":3016683,"minecraft:drop":563,"minecraft:talked_to_villager":263,"minecraft:walk_on_water_one_cm":239453,"minecraft:player_kills":2,"minecraft:crouch_one_cm":707206,"minecraft:mob_kills":529,"minecraft:damage_dealt_resisted":2437,"minecraft:climb_one_cm":11050,"minecraft:walk_one_cm":3462325,"minecraft:walk_under_water_one_cm":237274,"minecraft:boat_one_cm":1214774,"minecraft:damage_taken":38375,"minecraft:damage_absorbed":80}},"DataVersion":3465}